dataset,platform,tool,parameter,best_value,metric_name
D1,visium,STAGATE,knn,5,ari
D1,visium,DeepST,knn,10,ari
D1,visium,DeepST,pcs,200,ari
D1,visium,STG3Net,knn,30,ari
D1,visium,STG3Net,pcs,20,ari
D1,visium,spatiAlign,knn,10,ari
D1,visium,SEDR,knn,30,ari
D1,visium,SEDR,pcs,20,ari
D1,visium,CellCharter,knn,15,ari
D1,visium,BANKSY,knn,20,ari
D1,visium,SpaDo,knn,15,ari
D1,visium,STAMP,knn,30,ari
D1,visium,spCLUE,knn,10,ari
D1,visium,spCLUE,pcs,100,ari
D1,visium,stClinic,knn,5,ari
D1,visium,stClinic,pcs,200,ari
D1,visium,stMSA,knn,5,ari
D1,visium,NicheCompass_batch,knn,30,ari
D1,visium,STAligner,knn,5,ari
D1,visium,SPIRAL,knn,5,ari
D1,visium,SPACEL,knn,5,moran_I
D1,visium,SANTO,knn,5,moran_I
D1,visium,scSLAT,knn,30,clc
D1,visium,scSLAT,pcs,10,clc
D1,visium,Spateo_NR,knn,10,moran_I
D1,visium,Spateo_NR,pcs,200,moran_I
D1,visium,STalign,knn,30,moran_I
D2,starmap,STAGATE,knn,5,ari
D2,starmap,DeepST,knn,5,ari
D2,starmap,DeepST,pcs,150,ari
D2,starmap,STG3Net,knn,20,ari
D2,starmap,STG3Net,pcs,10,ari
D2,starmap,spatiAlign,knn,5,ari
D2,starmap,SEDR,knn,15,ari
D2,starmap,SEDR,pcs,100,ari
D2,starmap,CellCharter,knn,10,ari
D2,starmap,BANKSY,knn,30,ari
D2,starmap,SpaDo,knn,5,ari
D2,starmap,STAMP,knn,15,ari
D2,starmap,spCLUE,knn,30,ari
D2,starmap,spCLUE,pcs,200,ari
D2,starmap,stClinic,knn,15,ari
D2,starmap,stClinic,pcs,100,ari
D2,starmap,stMSA,knn,15,ari
D2,starmap,NicheCompass_batch,knn,15,ari
D2,starmap,STAligner,knn,20,ari
D2,starmap,SPIRAL,knn,20,ari
D2,starmap,SPACEL,knn,5,moran_I
D2,starmap,SANTO,knn,15,moran_I
D2,starmap,scSLAT,knn,30,clc
D2,starmap,scSLAT,pcs,20,clc
D2,starmap,Spateo_NR,knn,10,moran_I
D2,starmap,Spateo_NR,pcs,20,moran_I
D2,starmap,STalign,knn,30,moran_I
D3,starmapplus,STAGATE,knn,5,ari
D3,starmapplus,DeepST,knn,30,ari
D3,starmapplus,DeepST,pcs,50,ari
D3,starmapplus,STG3Net,knn,30,ari
D3,starmapplus,STG3Net,pcs,150,ari
D3,starmapplus,spatiAlign,knn,30,ari
D3,starmapplus,SEDR,knn,5,ari
D3,starmapplus,SEDR,pcs,20,ari
D3,starmapplus,CellCharter,knn,30,ari
D3,starmapplus,BANKSY,knn,10,ari
D3,starmapplus,SpaDo,knn,15,ari
D3,starmapplus,STAMP,knn,5,ari
D3,starmapplus,spCLUE,knn,15,ari
D3,starmapplus,spCLUE,pcs,200,ari
D3,starmapplus,stClinic,knn,5,ari
D3,starmapplus,stClinic,pcs,150,ari
D3,starmapplus,stMSA,knn,10,ari
D3,starmapplus,NicheCompass_batch,knn,5,ari
D3,starmapplus,STAligner,knn,10,ari
D3,starmapplus,SPIRAL,knn,20,ari
D3,starmapplus,SPACEL,knn,5,moran_I
D3,starmapplus,SANTO,knn,30,moran_I
D3,starmapplus,scSLAT,knn,30,clc
D3,starmapplus,scSLAT,pcs,10,clc
D3,starmapplus,Spateo_NR,knn,15,moran_I
D3,starmapplus,Spateo_NR,pcs,20,moran_I
D3,starmapplus,STalign,knn,30,moran_I
D4,merfish,STAGATE,knn,20,ari
D4,merfish,DeepST,knn,20,ari
D4,merfish,DeepST,pcs,200,ari
D4,merfish,STG3Net,knn,30,ari
D4,merfish,STG3Net,pcs,30,ari
D4,merfish,spatiAlign,knn,30,ari
D4,merfish,SEDR,knn,20,ari
D4,merfish,SEDR,pcs,100,ari
D4,merfish,CellCharter,knn,10,ari
D4,merfish,BANKSY,knn,30,ari
D4,merfish,SpaDo,knn,15,ari
D4,merfish,STAMP,knn,20,ari
D4,merfish,spCLUE,knn,10,ari
D4,merfish,spCLUE,pcs,30,ari
D4,merfish,stClinic,knn,30,ari
D4,merfish,stClinic,pcs,100,ari
D4,merfish,stMSA,knn,30,ari
D4,merfish,NicheCompass_batch,knn,15,ari
D4,merfish,STAligner,knn,20,ari
D4,merfish,SPIRAL,knn,10,ari
D4,merfish,SPACEL,knn,5,moran_I
D4,merfish,SANTO,knn,30,moran_I
D4,merfish,scSLAT,knn,20,clc
D4,merfish,scSLAT,pcs,10,clc
D4,merfish,Spateo_NR,knn,20,moran_I
D4,merfish,Spateo_NR,pcs,10,moran_I
D4,merfish,STalign,knn,30,moran_I
D5,stereoseq,STAGATE,knn,10,ari
D5,stereoseq,DeepST,knn,15,ari
D5,stereoseq,DeepST,pcs,20,ari
D5,stereoseq,STG3Net,knn,30,ari
D5,stereoseq,STG3Net,pcs,200,ari
D5,stereoseq,spatiAlign,knn,15,ari
D5,stereoseq,SEDR,knn,10,ari
D5,stereoseq,SEDR,pcs,100,ari
D5,stereoseq,CellCharter,knn,20,ari
D5,stereoseq,BANKSY,knn,15,ari
D5,stereoseq,SpaDo,knn,5,ari
D5,stereoseq,STAMP,knn,30,ari
D5,stereoseq,spCLUE,knn,30,ari
D5,stereoseq,spCLUE,pcs,20,ari
D5,stereoseq,stClinic,knn,5,ari
D5,stereoseq,stClinic,pcs,20,ari
D5,stereoseq,stMSA,knn,5,ari
D5,stereoseq,NicheCompass_batch,knn,15,ari
D5,stereoseq,STAligner,knn,15,ari
D5,stereoseq,SPIRAL,knn,20,ari
D5,stereoseq,SPACEL,knn,15,moran_I
D5,stereoseq,SANTO,knn,30,moran_I
D5,stereoseq,scSLAT,knn,30,clc
D5,stereoseq,scSLAT,pcs,10,clc
D5,stereoseq,Spateo_NR,knn,15,moran_I
D5,stereoseq,Spateo_NR,pcs,50,moran_I
D5,stereoseq,STalign,knn,5,moran_I
D6,slideseq,STAGATE,knn,20,ari
D6,slideseq,DeepST,knn,10,ari
D6,slideseq,DeepST,pcs,50,ari
D6,slideseq,STG3Net,knn,30,ari
D6,slideseq,STG3Net,pcs,200,ari
D6,slideseq,spatiAlign,knn,30,ari
D6,slideseq,SEDR,knn,30,ari
D6,slideseq,SEDR,pcs,200,ari
D6,slideseq,CellCharter,knn,10,ari
D6,slideseq,BANKSY,knn,30,ari
D6,slideseq,SpaDo,knn,10,ari
D6,slideseq,STAMP,knn,30,ari
D6,slideseq,spCLUE,knn,20,ari
D6,slideseq,spCLUE,pcs,150,ari
D6,slideseq,stClinic,knn,10,ari
D6,slideseq,stClinic,pcs,200,ari
D6,slideseq,stMSA,knn,15,ari
D6,slideseq,NicheCompass_batch,knn,30,ari
D6,slideseq,STAligner,knn,20,ari
D6,slideseq,SPIRAL,knn,30,ari
D6,slideseq,SPACEL,knn,15,moran_I
D6,slideseq,SANTO,knn,20,moran_I
D6,slideseq,scSLAT,knn,30,clc
D6,slideseq,scSLAT,pcs,10,clc
D6,slideseq,Spateo_NR,knn,30,moran_I
D6,slideseq,Spateo_NR,pcs,10,moran_I
D6,slideseq,STalign,knn,30,moran_I
D7,merscope,STAGATE,knn,5,ari
D7,merscope,DeepST,knn,5,ari
D7,merscope,DeepST,pcs,10,ari
D7,merscope,STG3Net,knn,5,ari
D7,merscope,STG3Net,pcs,10,ari
D7,merscope,spatiAlign,knn,5,ari
D7,merscope,SEDR,knn,5,ari
D7,merscope,SEDR,pcs,20,ari
D7,merscope,CellCharter,knn,10,ari
D7,merscope,BANKSY,knn,10,ari
D7,merscope,SpaDo,knn,20,ari
D7,merscope,STAMP,knn,5,ari
D7,merscope,spCLUE,knn,30,ari
D7,merscope,spCLUE,pcs,100,ari
D7,merscope,stClinic,knn,5,ari
D7,merscope,stClinic,pcs,150,ari
D7,merscope,stMSA,knn,30,ari
D7,merscope,NicheCompass_batch,knn,10,ari
D7,merscope,STAligner,knn,20,ari
D7,merscope,SPIRAL,knn,5,ari
D7,merscope,SPACEL,knn,5,moran_I
D7,merscope,SANTO,knn,15,moran_I
D7,merscope,scSLAT,knn,20,clc
D7,merscope,scSLAT,pcs,30,clc
D7,merscope,Spateo_NR,knn,15,moran_I
D7,merscope,Spateo_NR,pcs,150,moran_I
D7,merscope,STalign,knn,30,moran_I
D8,xenium,STAGATE,knn,5,ari
D8,xenium,DeepST,knn,20,ari
D8,xenium,DeepST,pcs,10,ari
D8,xenium,STG3Net,knn,5,ari
D8,xenium,STG3Net,pcs,20,ari
D8,xenium,spatiAlign,knn,5,ari
D8,xenium,SEDR,knn,20,ari
D8,xenium,SEDR,pcs,200,ari
D8,xenium,CellCharter,knn,20,ari
D8,xenium,BANKSY,knn,5,ari
D8,xenium,SpaDo,knn,10,ari
D8,xenium,STAMP,knn,30,ari
D8,xenium,spCLUE,knn,20,ari
D8,xenium,spCLUE,pcs,150,ari
D8,xenium,stClinic,knn,10,ari
D8,xenium,stClinic,pcs,150,ari
D8,xenium,stMSA,knn,15,ari
D8,xenium,NicheCompass_batch,knn,5,ari
D8,xenium,STAligner,knn,30,ari
D8,xenium,SPIRAL,knn,10,ari
D8,xenium,SPACEL,knn,5,moran_I
D8,xenium,SANTO,knn,15,moran_I
D8,xenium,scSLAT,knn,30,clc
D8,xenium,scSLAT,pcs,10,clc
D8,xenium,Spateo_NR,knn,5,moran_I
D8,xenium,Spateo_NR,pcs,50,moran_I
D8,xenium,STalign,knn,5,moran_I
D9,visium,STAGATE,knn,5,ari
D9,visium,DeepST,knn,10,ari
D9,visium,DeepST,pcs,200,ari
D9,visium,STG3Net,knn,30,ari
D9,visium,STG3Net,pcs,20,ari
D9,visium,spatiAlign,knn,10,ari
D9,visium,SEDR,knn,30,ari
D9,visium,SEDR,pcs,20,ari
D9,visium,CellCharter,knn,15,ari
D9,visium,BANKSY,knn,20,ari
D9,visium,SpaDo,knn,15,ari
D9,visium,STAMP,knn,30,ari
D9,visium,spCLUE,knn,10,ari
D9,visium,spCLUE,pcs,100,ari
D9,visium,stClinic,knn,5,ari
D9,visium,stClinic,pcs,200,ari
D9,visium,stMSA,knn,5,ari
D9,visium,NicheCompass_batch,knn,30,ari
D9,visium,STAligner,knn,5,ari
D9,visium,SPIRAL,knn,5,ari
D9,visium,SPACEL,knn,5,moran_I
D9,visium,SANTO,knn,5,moran_I
D9,visium,scSLAT,knn,30,clc
D9,visium,scSLAT,pcs,10,clc
D9,visium,Spateo_NR,knn,10,moran_I
D9,visium,Spateo_NR,pcs,200,moran_I
D9,visium,STalign,knn,30,moran_I
D10,visium,STAGATE,knn,5,ari
D10,visium,DeepST,knn,10,ari
D10,visium,DeepST,pcs,200,ari
D10,visium,STG3Net,knn,30,ari
D10,visium,STG3Net,pcs,20,ari
D10,visium,spatiAlign,knn,10,ari
D10,visium,SEDR,knn,30,ari
D10,visium,SEDR,pcs,20,ari
D10,visium,CellCharter,knn,15,ari
D10,visium,BANKSY,knn,20,ari
D10,visium,SpaDo,knn,15,ari
D10,visium,STAMP,knn,30,ari
D10,visium,spCLUE,knn,10,ari
D10,visium,spCLUE,pcs,100,ari
D10,visium,stClinic,knn,5,ari
D10,visium,stClinic,pcs,200,ari
D10,visium,stMSA,knn,5,ari
D10,visium,NicheCompass_batch,knn,30,ari
D10,visium,STAligner,knn,5,ari
D10,visium,SPIRAL,knn,5,ari
D10,visium,SPACEL,knn,5,moran_I
D10,visium,SANTO,knn,5,moran_I
D10,visium,scSLAT,knn,30,clc
D10,visium,scSLAT,pcs,10,clc
D10,visium,Spateo_NR,knn,10,moran_I
D10,visium,Spateo_NR,pcs,200,moran_I
D10,visium,STalign,knn,30,moran_I
D11,visium,STAGATE,knn,5,ari
D11,visium,DeepST,knn,10,ari
D11,visium,DeepST,pcs,200,ari
D11,visium,STG3Net,knn,30,ari
D11,visium,STG3Net,pcs,20,ari
D11,visium,spatiAlign,knn,10,ari
D11,visium,SEDR,knn,30,ari
D11,visium,SEDR,pcs,20,ari
D11,visium,CellCharter,knn,15,ari
D11,visium,BANKSY,knn,20,ari
D11,visium,SpaDo,knn,15,ari
D11,visium,STAMP,knn,30,ari
D11,visium,spCLUE,knn,10,ari
D11,visium,spCLUE,pcs,100,ari
D11,visium,stClinic,knn,5,ari
D11,visium,stClinic,pcs,200,ari
D11,visium,stMSA,knn,5,ari
D11,visium,NicheCompass_batch,knn,30,ari
D11,visium,STAligner,knn,5,ari
D11,visium,SPIRAL,knn,5,ari
D11,visium,SPACEL,knn,5,moran_I
D11,visium,SANTO,knn,5,moran_I
D11,visium,scSLAT,knn,30,clc
D11,visium,scSLAT,pcs,10,clc
D11,visium,Spateo_NR,knn,10,moran_I
D11,visium,Spateo_NR,pcs,200,moran_I
D11,visium,STalign,knn,30,moran_I
D12,visium,STAGATE,knn,5,ari
D12,visium,DeepST,knn,10,ari
D12,visium,DeepST,pcs,200,ari
D12,visium,STG3Net,knn,30,ari
D12,visium,STG3Net,pcs,20,ari
D12,visium,spatiAlign,knn,10,ari
D12,visium,SEDR,knn,30,ari
D12,visium,SEDR,pcs,20,ari
D12,visium,CellCharter,knn,15,ari
D12,visium,BANKSY,knn,20,ari
D12,visium,SpaDo,knn,15,ari
D12,visium,STAMP,knn,30,ari
D12,visium,spCLUE,knn,10,ari
D12,visium,spCLUE,pcs,100,ari
D12,visium,stClinic,knn,5,ari
D12,visium,stClinic,pcs,200,ari
D12,visium,stMSA,knn,5,ari
D12,visium,NicheCompass_batch,knn,30,ari
D12,visium,STAligner,knn,5,ari
D12,visium,SPIRAL,knn,5,ari
D12,visium,SPACEL,knn,5,moran_I
D12,visium,SANTO,knn,5,moran_I
D12,visium,scSLAT,knn,30,clc
D12,visium,scSLAT,pcs,10,clc
D12,visium,Spateo_NR,knn,10,moran_I
D12,visium,Spateo_NR,pcs,200,moran_I
D12,visium,STalign,knn,30,moran_I
D13,visium,STAGATE,knn,5,ari
D13,visium,DeepST,knn,10,ari
D13,visium,DeepST,pcs,200,ari
D13,visium,STG3Net,knn,30,ari
D13,visium,STG3Net,pcs,20,ari
D13,visium,spatiAlign,knn,10,ari
D13,visium,SEDR,knn,30,ari
D13,visium,SEDR,pcs,20,ari
D13,visium,CellCharter,knn,15,ari
D13,visium,BANKSY,knn,20,ari
D13,visium,SpaDo,knn,15,ari
D13,visium,STAMP,knn,30,ari
D13,visium,spCLUE,knn,10,ari
D13,visium,spCLUE,pcs,100,ari
D13,visium,stClinic,knn,5,ari
D13,visium,stClinic,pcs,200,ari
D13,visium,stMSA,knn,5,ari
D13,visium,NicheCompass_batch,knn,30,ari
D13,visium,STAligner,knn,5,ari
D13,visium,SPIRAL,knn,5,ari
D13,visium,SPACEL,knn,5,moran_I
D13,visium,SANTO,knn,5,moran_I
D13,visium,scSLAT,knn,30,clc
D13,visium,scSLAT,pcs,10,clc
D13,visium,Spateo_NR,knn,10,moran_I
D13,visium,Spateo_NR,pcs,200,moran_I
D13,visium,STalign,knn,30,moran_I
D14,visium,STAGATE,knn,5,ari
D14,visium,DeepST,knn,10,ari
D14,visium,DeepST,pcs,200,ari
D14,visium,STG3Net,knn,30,ari
D14,visium,STG3Net,pcs,20,ari
D14,visium,spatiAlign,knn,10,ari
D14,visium,SEDR,knn,30,ari
D14,visium,SEDR,pcs,20,ari
D14,visium,CellCharter,knn,15,ari
D14,visium,BANKSY,knn,20,ari
D14,visium,SpaDo,knn,15,ari
D14,visium,STAMP,knn,30,ari
D14,visium,spCLUE,knn,10,ari
D14,visium,spCLUE,pcs,100,ari
D14,visium,stClinic,knn,5,ari
D14,visium,stClinic,pcs,200,ari
D14,visium,stMSA,knn,5,ari
D14,visium,NicheCompass_batch,knn,30,ari
D14,visium,STAligner,knn,5,ari
D14,visium,SPIRAL,knn,5,ari
D14,visium,SPACEL,knn,5,moran_I
D14,visium,SANTO,knn,5,moran_I
D14,visium,scSLAT,knn,30,clc
D14,visium,scSLAT,pcs,10,clc
D14,visium,Spateo_NR,knn,10,moran_I
D14,visium,Spateo_NR,pcs,200,moran_I
D14,visium,STalign,knn,30,moran_I
D15,visium,STAGATE,knn,5,ari
D15,visium,DeepST,knn,10,ari
D15,visium,DeepST,pcs,200,ari
D15,visium,STG3Net,knn,30,ari
D15,visium,STG3Net,pcs,20,ari
D15,visium,spatiAlign,knn,10,ari
D15,visium,SEDR,knn,30,ari
D15,visium,SEDR,pcs,20,ari
D15,visium,CellCharter,knn,15,ari
D15,visium,BANKSY,knn,20,ari
D15,visium,SpaDo,knn,15,ari
D15,visium,STAMP,knn,30,ari
D15,visium,spCLUE,knn,10,ari
D15,visium,spCLUE,pcs,100,ari
D15,visium,stClinic,knn,5,ari
D15,visium,stClinic,pcs,200,ari
D15,visium,stMSA,knn,5,ari
D15,visium,NicheCompass_batch,knn,30,ari
D15,visium,STAligner,knn,5,ari
D15,visium,SPIRAL,knn,5,ari
D15,visium,SPACEL,knn,5,moran_I
D15,visium,SANTO,knn,5,moran_I
D15,visium,scSLAT,knn,30,clc
D15,visium,scSLAT,pcs,10,clc
D15,visium,Spateo_NR,knn,10,moran_I
D15,visium,Spateo_NR,pcs,200,moran_I
D15,visium,STalign,knn,30,moran_I
D16,visium,STAGATE,knn,5,ari
D16,visium,DeepST,knn,10,ari
D16,visium,DeepST,pcs,200,ari
D16,visium,STG3Net,knn,30,ari
D16,visium,STG3Net,pcs,20,ari
D16,visium,spatiAlign,knn,10,ari
D16,visium,SEDR,knn,30,ari
D16,visium,SEDR,pcs,20,ari
D16,visium,CellCharter,knn,15,ari
D16,visium,BANKSY,knn,20,ari
D16,visium,SpaDo,knn,15,ari
D16,visium,STAMP,knn,30,ari
D16,visium,spCLUE,knn,10,ari
D16,visium,spCLUE,pcs,100,ari
D16,visium,stClinic,knn,5,ari
D16,visium,stClinic,pcs,200,ari
D16,visium,stMSA,knn,5,ari
D16,visium,NicheCompass_batch,knn,30,ari
D16,visium,STAligner,knn,5,ari
D16,visium,SPIRAL,knn,5,ari
D16,visium,SPACEL,knn,5,moran_I
D16,visium,SANTO,knn,5,moran_I
D16,visium,scSLAT,knn,30,clc
D16,visium,scSLAT,pcs,10,clc
D16,visium,Spateo_NR,knn,10,moran_I
D16,visium,Spateo_NR,pcs,200,moran_I
D16,visium,STalign,knn,30,moran_I
D17,visium,STAGATE,knn,5,ari
D17,visium,DeepST,knn,10,ari
D17,visium,DeepST,pcs,200,ari
D17,visium,STG3Net,knn,30,ari
D17,visium,STG3Net,pcs,20,ari
D17,visium,spatiAlign,knn,10,ari
D17,visium,SEDR,knn,30,ari
D17,visium,SEDR,pcs,20,ari
D17,visium,CellCharter,knn,15,ari
D17,visium,BANKSY,knn,20,ari
D17,visium,SpaDo,knn,15,ari
D17,visium,STAMP,knn,30,ari
D17,visium,spCLUE,knn,10,ari
D17,visium,spCLUE,pcs,100,ari
D17,visium,stClinic,knn,5,ari
D17,visium,stClinic,pcs,200,ari
D17,visium,stMSA,knn,5,ari
D17,visium,NicheCompass_batch,knn,30,ari
D17,visium,STAligner,knn,5,ari
D17,visium,SPIRAL,knn,5,ari
D17,visium,SPACEL,knn,5,moran_I
D17,visium,SANTO,knn,5,moran_I
D17,visium,scSLAT,knn,30,clc
D17,visium,scSLAT,pcs,10,clc
D17,visium,Spateo_NR,knn,10,moran_I
D17,visium,Spateo_NR,pcs,200,moran_I
D17,visium,STalign,knn,30,moran_I
D18,visium,STAGATE,knn,5,ari
D18,visium,DeepST,knn,10,ari
D18,visium,DeepST,pcs,200,ari
D18,visium,STG3Net,knn,30,ari
D18,visium,STG3Net,pcs,20,ari
D18,visium,spatiAlign,knn,10,ari
D18,visium,SEDR,knn,30,ari
D18,visium,SEDR,pcs,20,ari
D18,visium,CellCharter,knn,15,ari
D18,visium,BANKSY,knn,20,ari
D18,visium,SpaDo,knn,15,ari
D18,visium,STAMP,knn,30,ari
D18,visium,spCLUE,knn,10,ari
D18,visium,spCLUE,pcs,100,ari
D18,visium,stClinic,knn,5,ari
D18,visium,stClinic,pcs,200,ari
D18,visium,stMSA,knn,5,ari
D18,visium,NicheCompass_batch,knn,30,ari
D18,visium,STAligner,knn,5,ari
D18,visium,SPIRAL,knn,5,ari
D18,visium,SPACEL,knn,5,moran_I
D18,visium,SANTO,knn,5,moran_I
D18,visium,scSLAT,knn,30,clc
D18,visium,scSLAT,pcs,10,clc
D18,visium,Spateo_NR,knn,10,moran_I
D18,visium,Spateo_NR,pcs,200,moran_I
D18,visium,STalign,knn,30,moran_I
D19,visium,STAGATE,knn,5,ari
D19,visium,DeepST,knn,10,ari
D19,visium,DeepST,pcs,200,ari
D19,visium,STG3Net,knn,30,ari
D19,visium,STG3Net,pcs,20,ari
D19,visium,spatiAlign,knn,10,ari
D19,visium,SEDR,knn,30,ari
D19,visium,SEDR,pcs,20,ari
D19,visium,CellCharter,knn,15,ari
D19,visium,BANKSY,knn,20,ari
D19,visium,SpaDo,knn,15,ari
D19,visium,STAMP,knn,30,ari
D19,visium,spCLUE,knn,10,ari
D19,visium,spCLUE,pcs,100,ari
D19,visium,stClinic,knn,5,ari
D19,visium,stClinic,pcs,200,ari
D19,visium,stMSA,knn,5,ari
D19,visium,NicheCompass_batch,knn,30,ari
D19,visium,STAligner,knn,5,ari
D19,visium,SPIRAL,knn,5,ari
D19,visium,SPACEL,knn,5,moran_I
D19,visium,SANTO,knn,5,moran_I
D19,visium,scSLAT,knn,30,clc
D19,visium,scSLAT,pcs,10,clc
D19,visium,Spateo_NR,knn,10,moran_I
D19,visium,Spateo_NR,pcs,200,moran_I
D19,visium,STalign,knn,30,moran_I
D20,visium,STAGATE,knn,5,ari
D20,visium,DeepST,knn,10,ari
D20,visium,DeepST,pcs,200,ari
D20,visium,STG3Net,knn,30,ari
D20,visium,STG3Net,pcs,20,ari
D20,visium,spatiAlign,knn,10,ari
D20,visium,SEDR,knn,30,ari
D20,visium,SEDR,pcs,20,ari
D20,visium,CellCharter,knn,15,ari
D20,visium,BANKSY,knn,20,ari
D20,visium,SpaDo,knn,15,ari
D20,visium,STAMP,knn,30,ari
D20,visium,spCLUE,knn,10,ari
D20,visium,spCLUE,pcs,100,ari
D20,visium,stClinic,knn,5,ari
D20,visium,stClinic,pcs,200,ari
D20,visium,stMSA,knn,5,ari
D20,visium,NicheCompass_batch,knn,30,ari
D20,visium,STAligner,knn,5,ari
D20,visium,SPIRAL,knn,5,ari
D20,visium,SPACEL,knn,5,moran_I
D20,visium,SANTO,knn,5,moran_I
D20,visium,scSLAT,knn,30,clc
D20,visium,scSLAT,pcs,10,clc
D20,visium,Spateo_NR,knn,10,moran_I
D20,visium,Spateo_NR,pcs,200,moran_I
D20,visium,STalign,knn,30,moran_I
D21,visium,STAGATE,knn,5,ari
D21,visium,DeepST,knn,10,ari
D21,visium,DeepST,pcs,200,ari
D21,visium,STG3Net,knn,30,ari
D21,visium,STG3Net,pcs,20,ari
D21,visium,spatiAlign,knn,10,ari
D21,visium,SEDR,knn,30,ari
D21,visium,SEDR,pcs,20,ari
D21,visium,CellCharter,knn,15,ari
D21,visium,BANKSY,knn,20,ari
D21,visium,SpaDo,knn,15,ari
D21,visium,STAMP,knn,30,ari
D21,visium,spCLUE,knn,10,ari
D21,visium,spCLUE,pcs,100,ari
D21,visium,stClinic,knn,5,ari
D21,visium,stClinic,pcs,200,ari
D21,visium,stMSA,knn,5,ari
D21,visium,NicheCompass_batch,knn,30,ari
D21,visium,STAligner,knn,5,ari
D21,visium,SPIRAL,knn,5,ari
D21,visium,SPACEL,knn,5,moran_I
D21,visium,SANTO,knn,5,moran_I
D21,visium,scSLAT,knn,30,clc
D21,visium,scSLAT,pcs,10,clc
D21,visium,Spateo_NR,knn,10,moran_I
D21,visium,Spateo_NR,pcs,200,moran_I
D21,visium,STalign,knn,30,moran_I
D22,visium,STAGATE,knn,5,ari
D22,visium,DeepST,knn,10,ari
D22,visium,DeepST,pcs,200,ari
D22,visium,STG3Net,knn,30,ari
D22,visium,STG3Net,pcs,20,ari
D22,visium,spatiAlign,knn,10,ari
D22,visium,SEDR,knn,30,ari
D22,visium,SEDR,pcs,20,ari
D22,visium,CellCharter,knn,15,ari
D22,visium,BANKSY,knn,20,ari
D22,visium,SpaDo,knn,15,ari
D22,visium,STAMP,knn,30,ari
D22,visium,spCLUE,knn,10,ari
D22,visium,spCLUE,pcs,100,ari
D22,visium,stClinic,knn,5,ari
D22,visium,stClinic,pcs,200,ari
D22,visium,stMSA,knn,5,ari
D22,visium,NicheCompass_batch,knn,30,ari
D22,visium,STAligner,knn,5,ari
D22,visium,SPIRAL,knn,5,ari
D22,visium,SPACEL,knn,5,moran_I
D22,visium,SANTO,knn,5,moran_I
D22,visium,scSLAT,knn,30,clc
D22,visium,scSLAT,pcs,10,clc
D22,visium,Spateo_NR,knn,10,moran_I
D22,visium,Spateo_NR,pcs,200,moran_I
D22,visium,STalign,knn,30,moran_I
D23,visium,STAGATE,knn,5,ari
D23,visium,DeepST,knn,10,ari
D23,visium,DeepST,pcs,200,ari
D23,visium,STG3Net,knn,30,ari
D23,visium,STG3Net,pcs,20,ari
D23,visium,spatiAlign,knn,10,ari
D23,visium,SEDR,knn,30,ari
D23,visium,SEDR,pcs,20,ari
D23,visium,CellCharter,knn,15,ari
D23,visium,BANKSY,knn,20,ari
D23,visium,SpaDo,knn,15,ari
D23,visium,STAMP,knn,30,ari
D23,visium,spCLUE,knn,10,ari
D23,visium,spCLUE,pcs,100,ari
D23,visium,stClinic,knn,5,ari
D23,visium,stClinic,pcs,200,ari
D23,visium,stMSA,knn,5,ari
D23,visium,NicheCompass_batch,knn,30,ari
D23,visium,STAligner,knn,5,ari
D23,visium,SPIRAL,knn,5,ari
D23,visium,SPACEL,knn,5,moran_I
D23,visium,SANTO,knn,5,moran_I
D23,visium,scSLAT,knn,30,clc
D23,visium,scSLAT,pcs,10,clc
D23,visium,Spateo_NR,knn,10,moran_I
D23,visium,Spateo_NR,pcs,200,moran_I
D23,visium,STalign,knn,30,moran_I
D24,visium,STAGATE,knn,5,ari
D24,visium,DeepST,knn,10,ari
D24,visium,DeepST,pcs,200,ari
D24,visium,STG3Net,knn,30,ari
D24,visium,STG3Net,pcs,20,ari
D24,visium,spatiAlign,knn,10,ari
D24,visium,SEDR,knn,30,ari
D24,visium,SEDR,pcs,20,ari
D24,visium,CellCharter,knn,15,ari
D24,visium,BANKSY,knn,20,ari
D24,visium,SpaDo,knn,15,ari
D24,visium,STAMP,knn,30,ari
D24,visium,spCLUE,knn,10,ari
D24,visium,spCLUE,pcs,100,ari
D24,visium,stClinic,knn,5,ari
D24,visium,stClinic,pcs,200,ari
D24,visium,stMSA,knn,5,ari
D24,visium,NicheCompass_batch,knn,30,ari
D24,visium,STAligner,knn,5,ari
D24,visium,SPIRAL,knn,5,ari
D24,visium,SPACEL,knn,5,moran_I
D24,visium,SANTO,knn,5,moran_I
D24,visium,scSLAT,knn,30,clc
D24,visium,scSLAT,pcs,10,clc
D24,visium,Spateo_NR,knn,10,moran_I
D24,visium,Spateo_NR,pcs,200,moran_I
D24,visium,STalign,knn,30,moran_I
D25,visium,STAGATE,knn,5,ari
D25,visium,DeepST,knn,10,ari
D25,visium,DeepST,pcs,200,ari
D25,visium,STG3Net,knn,30,ari
D25,visium,STG3Net,pcs,20,ari
D25,visium,spatiAlign,knn,10,ari
D25,visium,SEDR,knn,30,ari
D25,visium,SEDR,pcs,20,ari
D25,visium,CellCharter,knn,15,ari
D25,visium,BANKSY,knn,20,ari
D25,visium,SpaDo,knn,15,ari
D25,visium,STAMP,knn,30,ari
D25,visium,spCLUE,knn,10,ari
D25,visium,spCLUE,pcs,100,ari
D25,visium,stClinic,knn,5,ari
D25,visium,stClinic,pcs,200,ari
D25,visium,stMSA,knn,5,ari
D25,visium,NicheCompass_batch,knn,30,ari
D25,visium,STAligner,knn,5,ari
D25,visium,SPIRAL,knn,5,ari
D25,visium,SPACEL,knn,5,moran_I
D25,visium,SANTO,knn,5,moran_I
D25,visium,scSLAT,knn,30,clc
D25,visium,scSLAT,pcs,10,clc
D25,visium,Spateo_NR,knn,10,moran_I
D25,visium,Spateo_NR,pcs,200,moran_I
D25,visium,STalign,knn,30,moran_I
D26,visium,STAGATE,knn,5,ari
D26,visium,DeepST,knn,10,ari
D26,visium,DeepST,pcs,200,ari
D26,visium,STG3Net,knn,30,ari
D26,visium,STG3Net,pcs,20,ari
D26,visium,spatiAlign,knn,10,ari
D26,visium,SEDR,knn,30,ari
D26,visium,SEDR,pcs,20,ari
D26,visium,CellCharter,knn,15,ari
D26,visium,BANKSY,knn,20,ari
D26,visium,SpaDo,knn,15,ari
D26,visium,STAMP,knn,30,ari
D26,visium,spCLUE,knn,10,ari
D26,visium,spCLUE,pcs,100,ari
D26,visium,stClinic,knn,5,ari
D26,visium,stClinic,pcs,200,ari
D26,visium,stMSA,knn,5,ari
D26,visium,NicheCompass_batch,knn,30,ari
D26,visium,STAligner,knn,5,ari
D26,visium,SPIRAL,knn,5,ari
D26,visium,SPACEL,knn,5,moran_I
D26,visium,SANTO,knn,5,moran_I
D26,visium,scSLAT,knn,30,clc
D26,visium,scSLAT,pcs,10,clc
D26,visium,Spateo_NR,knn,10,moran_I
D26,visium,Spateo_NR,pcs,200,moran_I
D26,visium,STalign,knn,30,moran_I
D27,merfish,STAGATE,knn,20,ari
D27,merfish,DeepST,knn,20,ari
D27,merfish,DeepST,pcs,200,ari
D27,merfish,STG3Net,knn,30,ari
D27,merfish,STG3Net,pcs,30,ari
D27,merfish,spatiAlign,knn,30,ari
D27,merfish,SEDR,knn,20,ari
D27,merfish,SEDR,pcs,100,ari
D27,merfish,CellCharter,knn,10,ari
D27,merfish,BANKSY,knn,30,ari
D27,merfish,SpaDo,knn,15,ari
D27,merfish,STAMP,knn,20,ari
D27,merfish,spCLUE,knn,10,ari
D27,merfish,spCLUE,pcs,30,ari
D27,merfish,stClinic,knn,30,ari
D27,merfish,stClinic,pcs,100,ari
D27,merfish,stMSA,knn,30,ari
D27,merfish,NicheCompass_batch,knn,15,ari
D27,merfish,STAligner,knn,20,ari
D27,merfish,SPIRAL,knn,10,ari
D27,merfish,SPACEL,knn,5,moran_I
D27,merfish,SANTO,knn,30,moran_I
D27,merfish,scSLAT,knn,20,clc
D27,merfish,scSLAT,pcs,10,clc
D27,merfish,Spateo_NR,knn,20,moran_I
D27,merfish,Spateo_NR,pcs,10,moran_I
D27,merfish,STalign,knn,30,moran_I
D28,merfish,STAGATE,knn,20,ari
D28,merfish,DeepST,knn,20,ari
D28,merfish,DeepST,pcs,200,ari
D28,merfish,STG3Net,knn,30,ari
D28,merfish,STG3Net,pcs,30,ari
D28,merfish,spatiAlign,knn,30,ari
D28,merfish,SEDR,knn,20,ari
D28,merfish,SEDR,pcs,100,ari
D28,merfish,CellCharter,knn,10,ari
D28,merfish,BANKSY,knn,30,ari
D28,merfish,SpaDo,knn,15,ari
D28,merfish,STAMP,knn,20,ari
D28,merfish,spCLUE,knn,10,ari
D28,merfish,spCLUE,pcs,30,ari
D28,merfish,stClinic,knn,30,ari
D28,merfish,stClinic,pcs,100,ari
D28,merfish,stMSA,knn,30,ari
D28,merfish,NicheCompass_batch,knn,15,ari
D28,merfish,STAligner,knn,20,ari
D28,merfish,SPIRAL,knn,10,ari
D28,merfish,SPACEL,knn,5,moran_I
D28,merfish,SANTO,knn,30,moran_I
D28,merfish,scSLAT,knn,20,clc
D28,merfish,scSLAT,pcs,10,clc
D28,merfish,Spateo_NR,knn,20,moran_I
D28,merfish,Spateo_NR,pcs,10,moran_I
D28,merfish,STalign,knn,30,moran_I
D29,merfish,STAGATE,knn,20,ari
D29,merfish,DeepST,knn,20,ari
D29,merfish,DeepST,pcs,200,ari
D29,merfish,STG3Net,knn,30,ari
D29,merfish,STG3Net,pcs,30,ari
D29,merfish,spatiAlign,knn,30,ari
D29,merfish,SEDR,knn,20,ari
D29,merfish,SEDR,pcs,100,ari
D29,merfish,CellCharter,knn,10,ari
D29,merfish,BANKSY,knn,30,ari
D29,merfish,SpaDo,knn,15,ari
D29,merfish,STAMP,knn,20,ari
D29,merfish,spCLUE,knn,10,ari
D29,merfish,spCLUE,pcs,30,ari
D29,merfish,stClinic,knn,30,ari
D29,merfish,stClinic,pcs,100,ari
D29,merfish,stMSA,knn,30,ari
D29,merfish,NicheCompass_batch,knn,15,ari
D29,merfish,STAligner,knn,20,ari
D29,merfish,SPIRAL,knn,10,ari
D29,merfish,SPACEL,knn,5,moran_I
D29,merfish,SANTO,knn,30,moran_I
D29,merfish,scSLAT,knn,20,clc
D29,merfish,scSLAT,pcs,10,clc
D29,merfish,Spateo_NR,knn,20,moran_I
D29,merfish,Spateo_NR,pcs,10,moran_I
D29,merfish,STalign,knn,30,moran_I
D30,merfish,STAGATE,knn,20,ari
D30,merfish,DeepST,knn,20,ari
D30,merfish,DeepST,pcs,200,ari
D30,merfish,STG3Net,knn,30,ari
D30,merfish,STG3Net,pcs,30,ari
D30,merfish,spatiAlign,knn,30,ari
D30,merfish,SEDR,knn,20,ari
D30,merfish,SEDR,pcs,100,ari
D30,merfish,CellCharter,knn,10,ari
D30,merfish,BANKSY,knn,30,ari
D30,merfish,SpaDo,knn,15,ari
D30,merfish,STAMP,knn,20,ari
D30,merfish,spCLUE,knn,10,ari
D30,merfish,spCLUE,pcs,30,ari
D30,merfish,stClinic,knn,30,ari
D30,merfish,stClinic,pcs,100,ari
D30,merfish,stMSA,knn,30,ari
D30,merfish,NicheCompass_batch,knn,15,ari
D30,merfish,STAligner,knn,20,ari
D30,merfish,SPIRAL,knn,10,ari
D30,merfish,SPACEL,knn,5,moran_I
D30,merfish,SANTO,knn,30,moran_I
D30,merfish,scSLAT,knn,20,clc
D30,merfish,scSLAT,pcs,10,clc
D30,merfish,Spateo_NR,knn,20,moran_I
D30,merfish,Spateo_NR,pcs,10,moran_I
D30,merfish,STalign,knn,30,moran_I
D31,merfish,STAGATE,knn,20,ari
D31,merfish,DeepST,knn,20,ari
D31,merfish,DeepST,pcs,200,ari
D31,merfish,STG3Net,knn,30,ari
D31,merfish,STG3Net,pcs,30,ari
D31,merfish,spatiAlign,knn,30,ari
D31,merfish,SEDR,knn,20,ari
D31,merfish,SEDR,pcs,100,ari
D31,merfish,CellCharter,knn,10,ari
D31,merfish,BANKSY,knn,30,ari
D31,merfish,SpaDo,knn,15,ari
D31,merfish,STAMP,knn,20,ari
D31,merfish,spCLUE,knn,10,ari
D31,merfish,spCLUE,pcs,30,ari
D31,merfish,stClinic,knn,30,ari
D31,merfish,stClinic,pcs,100,ari
D31,merfish,stMSA,knn,30,ari
D31,merfish,NicheCompass_batch,knn,15,ari
D31,merfish,STAligner,knn,20,ari
D31,merfish,SPIRAL,knn,10,ari
D31,merfish,SPACEL,knn,5,moran_I
D31,merfish,SANTO,knn,30,moran_I
D31,merfish,scSLAT,knn,20,clc
D31,merfish,scSLAT,pcs,10,clc
D31,merfish,Spateo_NR,knn,20,moran_I
D31,merfish,Spateo_NR,pcs,10,moran_I
D31,merfish,STalign,knn,30,moran_I
D32,visium,STAGATE,knn,5,ari
D32,visium,DeepST,knn,10,ari
D32,visium,DeepST,pcs,200,ari
D32,visium,STG3Net,knn,30,ari
D32,visium,STG3Net,pcs,20,ari
D32,visium,spatiAlign,knn,10,ari
D32,visium,SEDR,knn,30,ari
D32,visium,SEDR,pcs,20,ari
D32,visium,CellCharter,knn,15,ari
D32,visium,BANKSY,knn,20,ari
D32,visium,SpaDo,knn,15,ari
D32,visium,STAMP,knn,30,ari
D32,visium,spCLUE,knn,10,ari
D32,visium,spCLUE,pcs,100,ari
D32,visium,stClinic,knn,5,ari
D32,visium,stClinic,pcs,200,ari
D32,visium,stMSA,knn,5,ari
D32,visium,NicheCompass_batch,knn,30,ari
D32,visium,STAligner,knn,5,ari
D32,visium,SPIRAL,knn,5,ari
D32,visium,SPACEL,knn,5,moran_I
D32,visium,SANTO,knn,5,moran_I
D32,visium,scSLAT,knn,30,clc
D32,visium,scSLAT,pcs,10,clc
D32,visium,Spateo_NR,knn,10,moran_I
D32,visium,Spateo_NR,pcs,200,moran_I
D32,visium,STalign,knn,30,moran_I
D33,starmap,STAGATE,knn,5,ari
D33,starmap,DeepST,knn,5,ari
D33,starmap,DeepST,pcs,150,ari
D33,starmap,STG3Net,knn,20,ari
D33,starmap,STG3Net,pcs,10,ari
D33,starmap,spatiAlign,knn,5,ari
D33,starmap,SEDR,knn,15,ari
D33,starmap,SEDR,pcs,100,ari
D33,starmap,CellCharter,knn,10,ari
D33,starmap,BANKSY,knn,30,ari
D33,starmap,SpaDo,knn,5,ari
D33,starmap,STAMP,knn,15,ari
D33,starmap,spCLUE,knn,30,ari
D33,starmap,spCLUE,pcs,200,ari
D33,starmap,stClinic,knn,15,ari
D33,starmap,stClinic,pcs,100,ari
D33,starmap,stMSA,knn,15,ari
D33,starmap,NicheCompass_batch,knn,15,ari
D33,starmap,STAligner,knn,20,ari
D33,starmap,SPIRAL,knn,20,ari
D33,starmap,SPACEL,knn,5,moran_I
D33,starmap,SANTO,knn,15,moran_I
D33,starmap,scSLAT,knn,30,clc
D33,starmap,scSLAT,pcs,20,clc
D33,starmap,Spateo_NR,knn,10,moran_I
D33,starmap,Spateo_NR,pcs,20,moran_I
D33,starmap,STalign,knn,30,moran_I
D34,merfish,STAGATE,knn,20,ari
D34,merfish,DeepST,knn,20,ari
D34,merfish,DeepST,pcs,200,ari
D34,merfish,STG3Net,knn,30,ari
D34,merfish,STG3Net,pcs,30,ari
D34,merfish,spatiAlign,knn,30,ari
D34,merfish,SEDR,knn,20,ari
D34,merfish,SEDR,pcs,100,ari
D34,merfish,CellCharter,knn,10,ari
D34,merfish,BANKSY,knn,30,ari
D34,merfish,SpaDo,knn,15,ari
D34,merfish,STAMP,knn,20,ari
D34,merfish,spCLUE,knn,10,ari
D34,merfish,spCLUE,pcs,30,ari
D34,merfish,stClinic,knn,30,ari
D34,merfish,stClinic,pcs,100,ari
D34,merfish,stMSA,knn,30,ari
D34,merfish,NicheCompass_batch,knn,15,ari
D34,merfish,STAligner,knn,20,ari
D34,merfish,SPIRAL,knn,10,ari
D34,merfish,SPACEL,knn,5,moran_I
D34,merfish,SANTO,knn,30,moran_I
D34,merfish,scSLAT,knn,20,clc
D34,merfish,scSLAT,pcs,10,clc
D34,merfish,Spateo_NR,knn,20,moran_I
D34,merfish,Spateo_NR,pcs,10,moran_I
D34,merfish,STalign,knn,30,moran_I
D35,stereoseq,STAGATE,knn,10,ari
D35,stereoseq,DeepST,knn,15,ari
D35,stereoseq,DeepST,pcs,20,ari
D35,stereoseq,STG3Net,knn,30,ari
D35,stereoseq,STG3Net,pcs,200,ari
D35,stereoseq,spatiAlign,knn,15,ari
D35,stereoseq,SEDR,knn,10,ari
D35,stereoseq,SEDR,pcs,100,ari
D35,stereoseq,CellCharter,knn,20,ari
D35,stereoseq,BANKSY,knn,15,ari
D35,stereoseq,SpaDo,knn,5,ari
D35,stereoseq,STAMP,knn,30,ari
D35,stereoseq,spCLUE,knn,30,ari
D35,stereoseq,spCLUE,pcs,20,ari
D35,stereoseq,stClinic,knn,5,ari
D35,stereoseq,stClinic,pcs,20,ari
D35,stereoseq,stMSA,knn,5,ari
D35,stereoseq,NicheCompass_batch,knn,15,ari
D35,stereoseq,STAligner,knn,15,ari
D35,stereoseq,SPIRAL,knn,20,ari
D35,stereoseq,SPACEL,knn,15,moran_I
D35,stereoseq,SANTO,knn,30,moran_I
D35,stereoseq,scSLAT,knn,30,clc
D35,stereoseq,scSLAT,pcs,10,clc
D35,stereoseq,Spateo_NR,knn,15,moran_I
D35,stereoseq,Spateo_NR,pcs,50,moran_I
D35,stereoseq,STalign,knn,5,moran_I
D36,visium,STAGATE,knn,5,ari
D36,visium,DeepST,knn,10,ari
D36,visium,DeepST,pcs,200,ari
D36,visium,STG3Net,knn,30,ari
D36,visium,STG3Net,pcs,20,ari
D36,visium,spatiAlign,knn,10,ari
D36,visium,SEDR,knn,30,ari
D36,visium,SEDR,pcs,20,ari
D36,visium,CellCharter,knn,15,ari
D36,visium,BANKSY,knn,20,ari
D36,visium,SpaDo,knn,15,ari
D36,visium,STAMP,knn,30,ari
D36,visium,spCLUE,knn,10,ari
D36,visium,spCLUE,pcs,100,ari
D36,visium,stClinic,knn,5,ari
D36,visium,stClinic,pcs,200,ari
D36,visium,stMSA,knn,5,ari
D36,visium,NicheCompass_batch,knn,30,ari
D36,visium,STAligner,knn,5,ari
D36,visium,SPIRAL,knn,5,ari
D36,visium,SPACEL,knn,5,moran_I
D36,visium,SANTO,knn,5,moran_I
D36,visium,scSLAT,knn,30,clc
D36,visium,scSLAT,pcs,10,clc
D36,visium,Spateo_NR,knn,10,moran_I
D36,visium,Spateo_NR,pcs,200,moran_I
D36,visium,STalign,knn,30,moran_I
D37,visium,STAGATE,knn,5,ari
D37,visium,DeepST,knn,10,ari
D37,visium,DeepST,pcs,200,ari
D37,visium,STG3Net,knn,30,ari
D37,visium,STG3Net,pcs,20,ari
D37,visium,spatiAlign,knn,10,ari
D37,visium,SEDR,knn,30,ari
D37,visium,SEDR,pcs,20,ari
D37,visium,CellCharter,knn,15,ari
D37,visium,BANKSY,knn,20,ari
D37,visium,SpaDo,knn,15,ari
D37,visium,STAMP,knn,30,ari
D37,visium,spCLUE,knn,10,ari
D37,visium,spCLUE,pcs,100,ari
D37,visium,stClinic,knn,5,ari
D37,visium,stClinic,pcs,200,ari
D37,visium,stMSA,knn,5,ari
D37,visium,NicheCompass_batch,knn,30,ari
D37,visium,STAligner,knn,5,ari
D37,visium,SPIRAL,knn,5,ari
D37,visium,SPACEL,knn,5,moran_I
D37,visium,SANTO,knn,5,moran_I
D37,visium,scSLAT,knn,30,clc
D37,visium,scSLAT,pcs,10,clc
D37,visium,Spateo_NR,knn,10,moran_I
D37,visium,Spateo_NR,pcs,200,moran_I
D37,visium,STalign,knn,30,moran_I
D38,visium,STAGATE,knn,5,ari
D38,visium,DeepST,knn,10,ari
D38,visium,DeepST,pcs,200,ari
D38,visium,STG3Net,knn,30,ari
D38,visium,STG3Net,pcs,20,ari
D38,visium,spatiAlign,knn,10,ari
D38,visium,SEDR,knn,30,ari
D38,visium,SEDR,pcs,20,ari
D38,visium,CellCharter,knn,15,ari
D38,visium,BANKSY,knn,20,ari
D38,visium,SpaDo,knn,15,ari
D38,visium,STAMP,knn,30,ari
D38,visium,spCLUE,knn,10,ari
D38,visium,spCLUE,pcs,100,ari
D38,visium,stClinic,knn,5,ari
D38,visium,stClinic,pcs,200,ari
D38,visium,stMSA,knn,5,ari
D38,visium,NicheCompass_batch,knn,30,ari
D38,visium,STAligner,knn,5,ari
D38,visium,SPIRAL,knn,5,ari
D38,visium,SPACEL,knn,5,moran_I
D38,visium,SANTO,knn,5,moran_I
D38,visium,scSLAT,knn,30,clc
D38,visium,scSLAT,pcs,10,clc
D38,visium,Spateo_NR,knn,10,moran_I
D38,visium,Spateo_NR,pcs,200,moran_I
D38,visium,STalign,knn,30,moran_I
D39,visium,STAGATE,knn,5,ari
D39,visium,DeepST,knn,10,ari
D39,visium,DeepST,pcs,200,ari
D39,visium,STG3Net,knn,30,ari
D39,visium,STG3Net,pcs,20,ari
D39,visium,spatiAlign,knn,10,ari
D39,visium,SEDR,knn,30,ari
D39,visium,SEDR,pcs,20,ari
D39,visium,CellCharter,knn,15,ari
D39,visium,BANKSY,knn,20,ari
D39,visium,SpaDo,knn,15,ari
D39,visium,STAMP,knn,30,ari
D39,visium,spCLUE,knn,10,ari
D39,visium,spCLUE,pcs,100,ari
D39,visium,stClinic,knn,5,ari
D39,visium,stClinic,pcs,200,ari
D39,visium,stMSA,knn,5,ari
D39,visium,NicheCompass_batch,knn,30,ari
D39,visium,STAligner,knn,5,ari
D39,visium,SPIRAL,knn,5,ari
D39,visium,SPACEL,knn,5,moran_I
D39,visium,SANTO,knn,5,moran_I
D39,visium,scSLAT,knn,30,clc
D39,visium,scSLAT,pcs,10,clc
D39,visium,Spateo_NR,knn,10,moran_I
D39,visium,Spateo_NR,pcs,200,moran_I
D39,visium,STalign,knn,30,moran_I
D40,visium,STAGATE,knn,5,ari
D40,visium,DeepST,knn,10,ari
D40,visium,DeepST,pcs,200,ari
D40,visium,STG3Net,knn,30,ari
D40,visium,STG3Net,pcs,20,ari
D40,visium,spatiAlign,knn,10,ari
D40,visium,SEDR,knn,30,ari
D40,visium,SEDR,pcs,20,ari
D40,visium,CellCharter,knn,15,ari
D40,visium,BANKSY,knn,20,ari
D40,visium,SpaDo,knn,15,ari
D40,visium,STAMP,knn,30,ari
D40,visium,spCLUE,knn,10,ari
D40,visium,spCLUE,pcs,100,ari
D40,visium,stClinic,knn,5,ari
D40,visium,stClinic,pcs,200,ari
D40,visium,stMSA,knn,5,ari
D40,visium,NicheCompass_batch,knn,30,ari
D40,visium,STAligner,knn,5,ari
D40,visium,SPIRAL,knn,5,ari
D40,visium,SPACEL,knn,5,moran_I
D40,visium,SANTO,knn,5,moran_I
D40,visium,scSLAT,knn,30,clc
D40,visium,scSLAT,pcs,10,clc
D40,visium,Spateo_NR,knn,10,moran_I
D40,visium,Spateo_NR,pcs,200,moran_I
D40,visium,STalign,knn,30,moran_I
D41,visium,STAGATE,knn,5,ari
D41,visium,DeepST,knn,10,ari
D41,visium,DeepST,pcs,200,ari
D41,visium,STG3Net,knn,30,ari
D41,visium,STG3Net,pcs,20,ari
D41,visium,spatiAlign,knn,10,ari
D41,visium,SEDR,knn,30,ari
D41,visium,SEDR,pcs,20,ari
D41,visium,CellCharter,knn,15,ari
D41,visium,BANKSY,knn,20,ari
D41,visium,SpaDo,knn,15,ari
D41,visium,STAMP,knn,30,ari
D41,visium,spCLUE,knn,10,ari
D41,visium,spCLUE,pcs,100,ari
D41,visium,stClinic,knn,5,ari
D41,visium,stClinic,pcs,200,ari
D41,visium,stMSA,knn,5,ari
D41,visium,NicheCompass_batch,knn,30,ari
D41,visium,STAligner,knn,5,ari
D41,visium,SPIRAL,knn,5,ari
D41,visium,SPACEL,knn,5,moran_I
D41,visium,SANTO,knn,5,moran_I
D41,visium,scSLAT,knn,30,clc
D41,visium,scSLAT,pcs,10,clc
D41,visium,Spateo_NR,knn,10,moran_I
D41,visium,Spateo_NR,pcs,200,moran_I
D41,visium,STalign,knn,30,moran_I
D42,visium,STAGATE,knn,5,ari
D42,visium,DeepST,knn,10,ari
D42,visium,DeepST,pcs,200,ari
D42,visium,STG3Net,knn,30,ari
D42,visium,STG3Net,pcs,20,ari
D42,visium,spatiAlign,knn,10,ari
D42,visium,SEDR,knn,30,ari
D42,visium,SEDR,pcs,20,ari
D42,visium,CellCharter,knn,15,ari
D42,visium,BANKSY,knn,20,ari
D42,visium,SpaDo,knn,15,ari
D42,visium,STAMP,knn,30,ari
D42,visium,spCLUE,knn,10,ari
D42,visium,spCLUE,pcs,100,ari
D42,visium,stClinic,knn,5,ari
D42,visium,stClinic,pcs,200,ari
D42,visium,stMSA,knn,5,ari
D42,visium,NicheCompass_batch,knn,30,ari
D42,visium,STAligner,knn,5,ari
D42,visium,SPIRAL,knn,5,ari
D42,visium,SPACEL,knn,5,moran_I
D42,visium,SANTO,knn,5,moran_I
D42,visium,scSLAT,knn,30,clc
D42,visium,scSLAT,pcs,10,clc
D42,visium,Spateo_NR,knn,10,moran_I
D42,visium,Spateo_NR,pcs,200,moran_I
D42,visium,STalign,knn,30,moran_I
D43,visium,STAGATE,knn,5,ari
D43,visium,DeepST,knn,10,ari
D43,visium,DeepST,pcs,200,ari
D43,visium,STG3Net,knn,30,ari
D43,visium,STG3Net,pcs,20,ari
D43,visium,spatiAlign,knn,10,ari
D43,visium,SEDR,knn,30,ari
D43,visium,SEDR,pcs,20,ari
D43,visium,CellCharter,knn,15,ari
D43,visium,BANKSY,knn,20,ari
D43,visium,SpaDo,knn,15,ari
D43,visium,STAMP,knn,30,ari
D43,visium,spCLUE,knn,10,ari
D43,visium,spCLUE,pcs,100,ari
D43,visium,stClinic,knn,5,ari
D43,visium,stClinic,pcs,200,ari
D43,visium,stMSA,knn,5,ari
D43,visium,NicheCompass_batch,knn,30,ari
D43,visium,STAligner,knn,5,ari
D43,visium,SPIRAL,knn,5,ari
D43,visium,SPACEL,knn,5,moran_I
D43,visium,SANTO,knn,5,moran_I
D43,visium,scSLAT,knn,30,clc
D43,visium,scSLAT,pcs,10,clc
D43,visium,Spateo_NR,knn,10,moran_I
D43,visium,Spateo_NR,pcs,200,moran_I
D43,visium,STalign,knn,30,moran_I
D44,visium,STAGATE,knn,5,ari
D44,visium,DeepST,knn,10,ari
D44,visium,DeepST,pcs,200,ari
D44,visium,STG3Net,knn,30,ari
D44,visium,STG3Net,pcs,20,ari
D44,visium,spatiAlign,knn,10,ari
D44,visium,SEDR,knn,30,ari
D44,visium,SEDR,pcs,20,ari
D44,visium,CellCharter,knn,15,ari
D44,visium,BANKSY,knn,20,ari
D44,visium,SpaDo,knn,15,ari
D44,visium,STAMP,knn,30,ari
D44,visium,spCLUE,knn,10,ari
D44,visium,spCLUE,pcs,100,ari
D44,visium,stClinic,knn,5,ari
D44,visium,stClinic,pcs,200,ari
D44,visium,stMSA,knn,5,ari
D44,visium,NicheCompass_batch,knn,30,ari
D44,visium,STAligner,knn,5,ari
D44,visium,SPIRAL,knn,5,ari
D44,visium,SPACEL,knn,5,moran_I
D44,visium,SANTO,knn,5,moran_I
D44,visium,scSLAT,knn,30,clc
D44,visium,scSLAT,pcs,10,clc
D44,visium,Spateo_NR,knn,10,moran_I
D44,visium,Spateo_NR,pcs,200,moran_I
D44,visium,STalign,knn,30,moran_I
D45,visium,STAGATE,knn,5,ari
D45,visium,DeepST,knn,10,ari
D45,visium,DeepST,pcs,200,ari
D45,visium,STG3Net,knn,30,ari
D45,visium,STG3Net,pcs,20,ari
D45,visium,spatiAlign,knn,10,ari
D45,visium,SEDR,knn,30,ari
D45,visium,SEDR,pcs,20,ari
D45,visium,CellCharter,knn,15,ari
D45,visium,BANKSY,knn,20,ari
D45,visium,SpaDo,knn,15,ari
D45,visium,STAMP,knn,30,ari
D45,visium,spCLUE,knn,10,ari
D45,visium,spCLUE,pcs,100,ari
D45,visium,stClinic,knn,5,ari
D45,visium,stClinic,pcs,200,ari
D45,visium,stMSA,knn,5,ari
D45,visium,NicheCompass_batch,knn,30,ari
D45,visium,STAligner,knn,5,ari
D45,visium,SPIRAL,knn,5,ari
D45,visium,SPACEL,knn,5,moran_I
D45,visium,SANTO,knn,5,moran_I
D45,visium,scSLAT,knn,30,clc
D45,visium,scSLAT,pcs,10,clc
D45,visium,Spateo_NR,knn,10,moran_I
D45,visium,Spateo_NR,pcs,200,moran_I
D45,visium,STalign,knn,30,moran_I
D46,visium,STAGATE,knn,5,ari
D46,visium,DeepST,knn,10,ari
D46,visium,DeepST,pcs,200,ari
D46,visium,STG3Net,knn,30,ari
D46,visium,STG3Net,pcs,20,ari
D46,visium,spatiAlign,knn,10,ari
D46,visium,SEDR,knn,30,ari
D46,visium,SEDR,pcs,20,ari
D46,visium,CellCharter,knn,15,ari
D46,visium,BANKSY,knn,20,ari
D46,visium,SpaDo,knn,15,ari
D46,visium,STAMP,knn,30,ari
D46,visium,spCLUE,knn,10,ari
D46,visium,spCLUE,pcs,100,ari
D46,visium,stClinic,knn,5,ari
D46,visium,stClinic,pcs,200,ari
D46,visium,stMSA,knn,5,ari
D46,visium,NicheCompass_batch,knn,30,ari
D46,visium,STAligner,knn,5,ari
D46,visium,SPIRAL,knn,5,ari
D46,visium,SPACEL,knn,5,moran_I
D46,visium,SANTO,knn,5,moran_I
D46,visium,scSLAT,knn,30,clc
D46,visium,scSLAT,pcs,10,clc
D46,visium,Spateo_NR,knn,10,moran_I
D46,visium,Spateo_NR,pcs,200,moran_I
D46,visium,STalign,knn,30,moran_I
D47,visium,STAGATE,knn,5,ari
D47,visium,DeepST,knn,10,ari
D47,visium,DeepST,pcs,200,ari
D47,visium,STG3Net,knn,30,ari
D47,visium,STG3Net,pcs,20,ari
D47,visium,spatiAlign,knn,10,ari
D47,visium,SEDR,knn,30,ari
D47,visium,SEDR,pcs,20,ari
D47,visium,CellCharter,knn,15,ari
D47,visium,BANKSY,knn,20,ari
D47,visium,SpaDo,knn,15,ari
D47,visium,STAMP,knn,30,ari
D47,visium,spCLUE,knn,10,ari
D47,visium,spCLUE,pcs,100,ari
D47,visium,stClinic,knn,5,ari
D47,visium,stClinic,pcs,200,ari
D47,visium,stMSA,knn,5,ari
D47,visium,NicheCompass_batch,knn,30,ari
D47,visium,STAligner,knn,5,ari
D47,visium,SPIRAL,knn,5,ari
D47,visium,SPACEL,knn,5,moran_I
D47,visium,SANTO,knn,5,moran_I
D47,visium,scSLAT,knn,30,clc
D47,visium,scSLAT,pcs,10,clc
D47,visium,Spateo_NR,knn,10,moran_I
D47,visium,Spateo_NR,pcs,200,moran_I
D47,visium,STalign,knn,30,moran_I
SD1,merfish,STAGATE,knn,20,ari
SD1,merfish,DeepST,knn,20,ari
SD1,merfish,DeepST,pcs,200,ari
SD1,merfish,STG3Net,knn,30,ari
SD1,merfish,STG3Net,pcs,30,ari
SD1,merfish,spatiAlign,knn,30,ari
SD1,merfish,SEDR,knn,20,ari
SD1,merfish,SEDR,pcs,100,ari
SD1,merfish,CellCharter,knn,10,ari
SD1,merfish,BANKSY,knn,30,ari
SD1,merfish,SpaDo,knn,15,ari
SD1,merfish,STAMP,knn,20,ari
SD1,merfish,spCLUE,knn,10,ari
SD1,merfish,spCLUE,pcs,30,ari
SD1,merfish,stClinic,knn,30,ari
SD1,merfish,stClinic,pcs,100,ari
SD1,merfish,stMSA,knn,30,ari
SD1,merfish,NicheCompass_batch,knn,15,ari
SD1,merfish,STAligner,knn,20,ari
SD1,merfish,SPIRAL,knn,10,ari
SD1,merfish,SPACEL,knn,5,moran_I
SD1,merfish,SANTO,knn,30,moran_I
SD1,merfish,scSLAT,knn,20,clc
SD1,merfish,scSLAT,pcs,10,clc
SD1,merfish,Spateo_NR,knn,20,moran_I
SD1,merfish,Spateo_NR,pcs,10,moran_I
SD1,merfish,STalign,knn,30,moran_I
SD2,merfish,STAGATE,knn,20,ari
SD2,merfish,DeepST,knn,20,ari
SD2,merfish,DeepST,pcs,200,ari
SD2,merfish,STG3Net,knn,30,ari
SD2,merfish,STG3Net,pcs,30,ari
SD2,merfish,spatiAlign,knn,30,ari
SD2,merfish,SEDR,knn,20,ari
SD2,merfish,SEDR,pcs,100,ari
SD2,merfish,CellCharter,knn,10,ari
SD2,merfish,BANKSY,knn,30,ari
SD2,merfish,SpaDo,knn,15,ari
SD2,merfish,STAMP,knn,20,ari
SD2,merfish,spCLUE,knn,10,ari
SD2,merfish,spCLUE,pcs,30,ari
SD2,merfish,stClinic,knn,30,ari
SD2,merfish,stClinic,pcs,100,ari
SD2,merfish,stMSA,knn,30,ari
SD2,merfish,NicheCompass_batch,knn,15,ari
SD2,merfish,STAligner,knn,20,ari
SD2,merfish,SPIRAL,knn,10,ari
SD2,merfish,SPACEL,knn,5,moran_I
SD2,merfish,SANTO,knn,30,moran_I
SD2,merfish,scSLAT,knn,20,clc
SD2,merfish,scSLAT,pcs,10,clc
SD2,merfish,Spateo_NR,knn,20,moran_I
SD2,merfish,Spateo_NR,pcs,10,moran_I
SD2,merfish,STalign,knn,30,moran_I
SD3,merfish,STAGATE,knn,20,ari
SD3,merfish,DeepST,knn,20,ari
SD3,merfish,DeepST,pcs,200,ari
SD3,merfish,STG3Net,knn,30,ari
SD3,merfish,STG3Net,pcs,30,ari
SD3,merfish,spatiAlign,knn,30,ari
SD3,merfish,SEDR,knn,20,ari
SD3,merfish,SEDR,pcs,100,ari
SD3,merfish,CellCharter,knn,10,ari
SD3,merfish,BANKSY,knn,30,ari
SD3,merfish,SpaDo,knn,15,ari
SD3,merfish,STAMP,knn,20,ari
SD3,merfish,spCLUE,knn,10,ari
SD3,merfish,spCLUE,pcs,30,ari
SD3,merfish,stClinic,knn,30,ari
SD3,merfish,stClinic,pcs,100,ari
SD3,merfish,stMSA,knn,30,ari
SD3,merfish,NicheCompass_batch,knn,15,ari
SD3,merfish,STAligner,knn,20,ari
SD3,merfish,SPIRAL,knn,10,ari
SD3,merfish,SPACEL,knn,5,moran_I
SD3,merfish,SANTO,knn,30,moran_I
SD3,merfish,scSLAT,knn,20,clc
SD3,merfish,scSLAT,pcs,10,clc
SD3,merfish,Spateo_NR,knn,20,moran_I
SD3,merfish,Spateo_NR,pcs,10,moran_I
SD3,merfish,STalign,knn,30,moran_I
SD4,merfish,STAGATE,knn,20,ari
SD4,merfish,DeepST,knn,20,ari
SD4,merfish,DeepST,pcs,200,ari
SD4,merfish,STG3Net,knn,30,ari
SD4,merfish,STG3Net,pcs,30,ari
SD4,merfish,spatiAlign,knn,30,ari
SD4,merfish,SEDR,knn,20,ari
SD4,merfish,SEDR,pcs,100,ari
SD4,merfish,CellCharter,knn,10,ari
SD4,merfish,BANKSY,knn,30,ari
SD4,merfish,SpaDo,knn,15,ari
SD4,merfish,STAMP,knn,20,ari
SD4,merfish,spCLUE,knn,10,ari
SD4,merfish,spCLUE,pcs,30,ari
SD4,merfish,stClinic,knn,30,ari
SD4,merfish,stClinic,pcs,100,ari
SD4,merfish,stMSA,knn,30,ari
SD4,merfish,NicheCompass_batch,knn,15,ari
SD4,merfish,STAligner,knn,20,ari
SD4,merfish,SPIRAL,knn,10,ari
SD4,merfish,SPACEL,knn,5,moran_I
SD4,merfish,SANTO,knn,30,moran_I
SD4,merfish,scSLAT,knn,20,clc
SD4,merfish,scSLAT,pcs,10,clc
SD4,merfish,Spateo_NR,knn,20,moran_I
SD4,merfish,Spateo_NR,pcs,10,moran_I
SD4,merfish,STalign,knn,30,moran_I
SD5,merfish,STAGATE,knn,20,ari
SD5,merfish,DeepST,knn,20,ari
SD5,merfish,DeepST,pcs,200,ari
SD5,merfish,STG3Net,knn,30,ari
SD5,merfish,STG3Net,pcs,30,ari
SD5,merfish,spatiAlign,knn,30,ari
SD5,merfish,SEDR,knn,20,ari
SD5,merfish,SEDR,pcs,100,ari
SD5,merfish,CellCharter,knn,10,ari
SD5,merfish,BANKSY,knn,30,ari
SD5,merfish,SpaDo,knn,15,ari
SD5,merfish,STAMP,knn,20,ari
SD5,merfish,spCLUE,knn,10,ari
SD5,merfish,spCLUE,pcs,30,ari
SD5,merfish,stClinic,knn,30,ari
SD5,merfish,stClinic,pcs,100,ari
SD5,merfish,stMSA,knn,30,ari
SD5,merfish,NicheCompass_batch,knn,15,ari
SD5,merfish,STAligner,knn,20,ari
SD5,merfish,SPIRAL,knn,10,ari
SD5,merfish,SPACEL,knn,5,moran_I
SD5,merfish,SANTO,knn,30,moran_I
SD5,merfish,scSLAT,knn,20,clc
SD5,merfish,scSLAT,pcs,10,clc
SD5,merfish,Spateo_NR,knn,20,moran_I
SD5,merfish,Spateo_NR,pcs,10,moran_I
SD5,merfish,STalign,knn,30,moran_I
SD6,merfish,STAGATE,knn,20,ari
SD6,merfish,DeepST,knn,20,ari
SD6,merfish,DeepST,pcs,200,ari
SD6,merfish,STG3Net,knn,30,ari
SD6,merfish,STG3Net,pcs,30,ari
SD6,merfish,spatiAlign,knn,30,ari
SD6,merfish,SEDR,knn,20,ari
SD6,merfish,SEDR,pcs,100,ari
SD6,merfish,CellCharter,knn,10,ari
SD6,merfish,BANKSY,knn,30,ari
SD6,merfish,SpaDo,knn,15,ari
SD6,merfish,STAMP,knn,20,ari
SD6,merfish,spCLUE,knn,10,ari
SD6,merfish,spCLUE,pcs,30,ari
SD6,merfish,stClinic,knn,30,ari
SD6,merfish,stClinic,pcs,100,ari
SD6,merfish,stMSA,knn,30,ari
SD6,merfish,NicheCompass_batch,knn,15,ari
SD6,merfish,STAligner,knn,20,ari
SD6,merfish,SPIRAL,knn,10,ari
SD6,merfish,SPACEL,knn,5,moran_I
SD6,merfish,SANTO,knn,30,moran_I
SD6,merfish,scSLAT,knn,20,clc
SD6,merfish,scSLAT,pcs,10,clc
SD6,merfish,Spateo_NR,knn,20,moran_I
SD6,merfish,Spateo_NR,pcs,10,moran_I
SD6,merfish,STalign,knn,30,moran_I
SD7,visium,STAGATE,knn,5,ari
SD7,visium,DeepST,knn,10,ari
SD7,visium,DeepST,pcs,200,ari
SD7,visium,STG3Net,knn,30,ari
SD7,visium,STG3Net,pcs,20,ari
SD7,visium,spatiAlign,knn,10,ari
SD7,visium,SEDR,knn,30,ari
SD7,visium,SEDR,pcs,20,ari
SD7,visium,CellCharter,knn,15,ari
SD7,visium,BANKSY,knn,20,ari
SD7,visium,SpaDo,knn,15,ari
SD7,visium,STAMP,knn,30,ari
SD7,visium,spCLUE,knn,10,ari
SD7,visium,spCLUE,pcs,100,ari
SD7,visium,stClinic,knn,5,ari
SD7,visium,stClinic,pcs,200,ari
SD7,visium,stMSA,knn,5,ari
SD7,visium,NicheCompass_batch,knn,30,ari
SD7,visium,STAligner,knn,5,ari
SD7,visium,SPIRAL,knn,5,ari
SD7,visium,SPACEL,knn,5,moran_I
SD7,visium,SANTO,knn,5,moran_I
SD7,visium,scSLAT,knn,30,clc
SD7,visium,scSLAT,pcs,10,clc
SD7,visium,Spateo_NR,knn,10,moran_I
SD7,visium,Spateo_NR,pcs,200,moran_I
SD7,visium,STalign,knn,30,moran_I
SD8,visium,STAGATE,knn,5,ari
SD8,visium,DeepST,knn,10,ari
SD8,visium,DeepST,pcs,200,ari
SD8,visium,STG3Net,knn,30,ari
SD8,visium,STG3Net,pcs,20,ari
SD8,visium,spatiAlign,knn,10,ari
SD8,visium,SEDR,knn,30,ari
SD8,visium,SEDR,pcs,20,ari
SD8,visium,CellCharter,knn,15,ari
SD8,visium,BANKSY,knn,20,ari
SD8,visium,SpaDo,knn,15,ari
SD8,visium,STAMP,knn,30,ari
SD8,visium,spCLUE,knn,10,ari
SD8,visium,spCLUE,pcs,100,ari
SD8,visium,stClinic,knn,5,ari
SD8,visium,stClinic,pcs,200,ari
SD8,visium,stMSA,knn,5,ari
SD8,visium,NicheCompass_batch,knn,30,ari
SD8,visium,STAligner,knn,5,ari
SD8,visium,SPIRAL,knn,5,ari
SD8,visium,SPACEL,knn,5,moran_I
SD8,visium,SANTO,knn,5,moran_I
SD8,visium,scSLAT,knn,30,clc
SD8,visium,scSLAT,pcs,10,clc
SD8,visium,Spateo_NR,knn,10,moran_I
SD8,visium,Spateo_NR,pcs,200,moran_I
SD8,visium,STalign,knn,30,moran_I
SD9,visium,STAGATE,knn,5,ari
SD9,visium,DeepST,knn,10,ari
SD9,visium,DeepST,pcs,200,ari
SD9,visium,STG3Net,knn,30,ari
SD9,visium,STG3Net,pcs,20,ari
SD9,visium,spatiAlign,knn,10,ari
SD9,visium,SEDR,knn,30,ari
SD9,visium,SEDR,pcs,20,ari
SD9,visium,CellCharter,knn,15,ari
SD9,visium,BANKSY,knn,20,ari
SD9,visium,SpaDo,knn,15,ari
SD9,visium,STAMP,knn,30,ari
SD9,visium,spCLUE,knn,10,ari
SD9,visium,spCLUE,pcs,100,ari
SD9,visium,stClinic,knn,5,ari
SD9,visium,stClinic,pcs,200,ari
SD9,visium,stMSA,knn,5,ari
SD9,visium,NicheCompass_batch,knn,30,ari
SD9,visium,STAligner,knn,5,ari
SD9,visium,SPIRAL,knn,5,ari
SD9,visium,SPACEL,knn,5,moran_I
SD9,visium,SANTO,knn,5,moran_I
SD9,visium,scSLAT,knn,30,clc
SD9,visium,scSLAT,pcs,10,clc
SD9,visium,Spateo_NR,knn,10,moran_I
SD9,visium,Spateo_NR,pcs,200,moran_I
SD9,visium,STalign,knn,30,moran_I
SD10,visium,STAGATE,knn,5,ari
SD10,visium,DeepST,knn,10,ari
SD10,visium,DeepST,pcs,200,ari
SD10,visium,STG3Net,knn,30,ari
SD10,visium,STG3Net,pcs,20,ari
SD10,visium,spatiAlign,knn,10,ari
SD10,visium,SEDR,knn,30,ari
SD10,visium,SEDR,pcs,20,ari
SD10,visium,CellCharter,knn,15,ari
SD10,visium,BANKSY,knn,20,ari
SD10,visium,SpaDo,knn,15,ari
SD10,visium,STAMP,knn,30,ari
SD10,visium,spCLUE,knn,10,ari
SD10,visium,spCLUE,pcs,100,ari
SD10,visium,stClinic,knn,5,ari
SD10,visium,stClinic,pcs,200,ari
SD10,visium,stMSA,knn,5,ari
SD10,visium,NicheCompass_batch,knn,30,ari
SD10,visium,STAligner,knn,5,ari
SD10,visium,SPIRAL,knn,5,ari
SD10,visium,SPACEL,knn,5,moran_I
SD10,visium,SANTO,knn,5,moran_I
SD10,visium,scSLAT,knn,30,clc
SD10,visium,scSLAT,pcs,10,clc
SD10,visium,Spateo_NR,knn,10,moran_I
SD10,visium,Spateo_NR,pcs,200,moran_I
SD10,visium,STalign,knn,30,moran_I
SD11,visium,STAGATE,knn,5,ari
SD11,visium,DeepST,knn,10,ari
SD11,visium,DeepST,pcs,200,ari
SD11,visium,STG3Net,knn,30,ari
SD11,visium,STG3Net,pcs,20,ari
SD11,visium,spatiAlign,knn,10,ari
SD11,visium,SEDR,knn,30,ari
SD11,visium,SEDR,pcs,20,ari
SD11,visium,CellCharter,knn,15,ari
SD11,visium,BANKSY,knn,20,ari
SD11,visium,SpaDo,knn,15,ari
SD11,visium,STAMP,knn,30,ari
SD11,visium,spCLUE,knn,10,ari
SD11,visium,spCLUE,pcs,100,ari
SD11,visium,stClinic,knn,5,ari
SD11,visium,stClinic,pcs,200,ari
SD11,visium,stMSA,knn,5,ari
SD11,visium,NicheCompass_batch,knn,30,ari
SD11,visium,STAligner,knn,5,ari
SD11,visium,SPIRAL,knn,5,ari
SD11,visium,SPACEL,knn,5,moran_I
SD11,visium,SANTO,knn,5,moran_I
SD11,visium,scSLAT,knn,30,clc
SD11,visium,scSLAT,pcs,10,clc
SD11,visium,Spateo_NR,knn,10,moran_I
SD11,visium,Spateo_NR,pcs,200,moran_I
SD11,visium,STalign,knn,30,moran_I
SD12,visium,STAGATE,knn,5,ari
SD12,visium,DeepST,knn,10,ari
SD12,visium,DeepST,pcs,200,ari
SD12,visium,STG3Net,knn,30,ari
SD12,visium,STG3Net,pcs,20,ari
SD12,visium,spatiAlign,knn,10,ari
SD12,visium,SEDR,knn,30,ari
SD12,visium,SEDR,pcs,20,ari
SD12,visium,CellCharter,knn,15,ari
SD12,visium,BANKSY,knn,20,ari
SD12,visium,SpaDo,knn,15,ari
SD12,visium,STAMP,knn,30,ari
SD12,visium,spCLUE,knn,10,ari
SD12,visium,spCLUE,pcs,100,ari
SD12,visium,stClinic,knn,5,ari
SD12,visium,stClinic,pcs,200,ari
SD12,visium,stMSA,knn,5,ari
SD12,visium,NicheCompass_batch,knn,30,ari
SD12,visium,STAligner,knn,5,ari
SD12,visium,SPIRAL,knn,5,ari
SD12,visium,SPACEL,knn,5,moran_I
SD12,visium,SANTO,knn,5,moran_I
SD12,visium,scSLAT,knn,30,clc
SD12,visium,scSLAT,pcs,10,clc
SD12,visium,Spateo_NR,knn,10,moran_I
SD12,visium,Spateo_NR,pcs,200,moran_I
SD12,visium,STalign,knn,30,moran_I
SD13,visium,STAGATE,knn,5,ari
SD13,visium,DeepST,knn,10,ari
SD13,visium,DeepST,pcs,200,ari
SD13,visium,STG3Net,knn,30,ari
SD13,visium,STG3Net,pcs,20,ari
SD13,visium,spatiAlign,knn,10,ari
SD13,visium,SEDR,knn,30,ari
SD13,visium,SEDR,pcs,20,ari
SD13,visium,CellCharter,knn,15,ari
SD13,visium,BANKSY,knn,20,ari
SD13,visium,SpaDo,knn,15,ari
SD13,visium,STAMP,knn,30,ari
SD13,visium,spCLUE,knn,10,ari
SD13,visium,spCLUE,pcs,100,ari
SD13,visium,stClinic,knn,5,ari
SD13,visium,stClinic,pcs,200,ari
SD13,visium,stMSA,knn,5,ari
SD13,visium,NicheCompass_batch,knn,30,ari
SD13,visium,STAligner,knn,5,ari
SD13,visium,SPIRAL,knn,5,ari
SD13,visium,SPACEL,knn,5,moran_I
SD13,visium,SANTO,knn,5,moran_I
SD13,visium,scSLAT,knn,30,clc
SD13,visium,scSLAT,pcs,10,clc
SD13,visium,Spateo_NR,knn,10,moran_I
SD13,visium,Spateo_NR,pcs,200,moran_I
SD13,visium,STalign,knn,30,moran_I
SD14,visium,STAGATE,knn,5,ari
SD14,visium,DeepST,knn,10,ari
SD14,visium,DeepST,pcs,200,ari
SD14,visium,STG3Net,knn,30,ari
SD14,visium,STG3Net,pcs,20,ari
SD14,visium,spatiAlign,knn,10,ari
SD14,visium,SEDR,knn,30,ari
SD14,visium,SEDR,pcs,20,ari
SD14,visium,CellCharter,knn,15,ari
SD14,visium,BANKSY,knn,20,ari
SD14,visium,SpaDo,knn,15,ari
SD14,visium,STAMP,knn,30,ari
SD14,visium,spCLUE,knn,10,ari
SD14,visium,spCLUE,pcs,100,ari
SD14,visium,stClinic,knn,5,ari
SD14,visium,stClinic,pcs,200,ari
SD14,visium,stMSA,knn,5,ari
SD14,visium,NicheCompass_batch,knn,30,ari
SD14,visium,STAligner,knn,5,ari
SD14,visium,SPIRAL,knn,5,ari
SD14,visium,SPACEL,knn,5,moran_I
SD14,visium,SANTO,knn,5,moran_I
SD14,visium,scSLAT,knn,30,clc
SD14,visium,scSLAT,pcs,10,clc
SD14,visium,Spateo_NR,knn,10,moran_I
SD14,visium,Spateo_NR,pcs,200,moran_I
SD14,visium,STalign,knn,30,moran_I
SD15,visium,STAGATE,knn,5,ari
SD15,visium,DeepST,knn,10,ari
SD15,visium,DeepST,pcs,200,ari
SD15,visium,STG3Net,knn,30,ari
SD15,visium,STG3Net,pcs,20,ari
SD15,visium,spatiAlign,knn,10,ari
SD15,visium,SEDR,knn,30,ari
SD15,visium,SEDR,pcs,20,ari
SD15,visium,CellCharter,knn,15,ari
SD15,visium,BANKSY,knn,20,ari
SD15,visium,SpaDo,knn,15,ari
SD15,visium,STAMP,knn,30,ari
SD15,visium,spCLUE,knn,10,ari
SD15,visium,spCLUE,pcs,100,ari
SD15,visium,stClinic,knn,5,ari
SD15,visium,stClinic,pcs,200,ari
SD15,visium,stMSA,knn,5,ari
SD15,visium,NicheCompass_batch,knn,30,ari
SD15,visium,STAligner,knn,5,ari
SD15,visium,SPIRAL,knn,5,ari
SD15,visium,SPACEL,knn,5,moran_I
SD15,visium,SANTO,knn,5,moran_I
SD15,visium,scSLAT,knn,30,clc
SD15,visium,scSLAT,pcs,10,clc
SD15,visium,Spateo_NR,knn,10,moran_I
SD15,visium,Spateo_NR,pcs,200,moran_I
SD15,visium,STalign,knn,30,moran_I
SD16,visium,STAGATE,knn,5,ari
SD16,visium,DeepST,knn,10,ari
SD16,visium,DeepST,pcs,200,ari
SD16,visium,STG3Net,knn,30,ari
SD16,visium,STG3Net,pcs,20,ari
SD16,visium,spatiAlign,knn,10,ari
SD16,visium,SEDR,knn,30,ari
SD16,visium,SEDR,pcs,20,ari
SD16,visium,CellCharter,knn,15,ari
SD16,visium,BANKSY,knn,20,ari
SD16,visium,SpaDo,knn,15,ari
SD16,visium,STAMP,knn,30,ari
SD16,visium,spCLUE,knn,10,ari
SD16,visium,spCLUE,pcs,100,ari
SD16,visium,stClinic,knn,5,ari
SD16,visium,stClinic,pcs,200,ari
SD16,visium,stMSA,knn,5,ari
SD16,visium,NicheCompass_batch,knn,30,ari
SD16,visium,STAligner,knn,5,ari
SD16,visium,SPIRAL,knn,5,ari
SD16,visium,SPACEL,knn,5,moran_I
SD16,visium,SANTO,knn,5,moran_I
SD16,visium,scSLAT,knn,30,clc
SD16,visium,scSLAT,pcs,10,clc
SD16,visium,Spateo_NR,knn,10,moran_I
SD16,visium,Spateo_NR,pcs,200,moran_I
SD16,visium,STalign,knn,30,moran_I
SD17,visium,STAGATE,knn,5,ari
SD17,visium,DeepST,knn,10,ari
SD17,visium,DeepST,pcs,200,ari
SD17,visium,STG3Net,knn,30,ari
SD17,visium,STG3Net,pcs,20,ari
SD17,visium,spatiAlign,knn,10,ari
SD17,visium,SEDR,knn,30,ari
SD17,visium,SEDR,pcs,20,ari
SD17,visium,CellCharter,knn,15,ari
SD17,visium,BANKSY,knn,20,ari
SD17,visium,SpaDo,knn,15,ari
SD17,visium,STAMP,knn,30,ari
SD17,visium,spCLUE,knn,10,ari
SD17,visium,spCLUE,pcs,100,ari
SD17,visium,stClinic,knn,5,ari
SD17,visium,stClinic,pcs,200,ari
SD17,visium,stMSA,knn,5,ari
SD17,visium,NicheCompass_batch,knn,30,ari
SD17,visium,STAligner,knn,5,ari
SD17,visium,SPIRAL,knn,5,ari
SD17,visium,SPACEL,knn,5,moran_I
SD17,visium,SANTO,knn,5,moran_I
SD17,visium,scSLAT,knn,30,clc
SD17,visium,scSLAT,pcs,10,clc
SD17,visium,Spateo_NR,knn,10,moran_I
SD17,visium,Spateo_NR,pcs,200,moran_I
SD17,visium,STalign,knn,30,moran_I
SD18,visium,STAGATE,knn,5,ari
SD18,visium,DeepST,knn,10,ari
SD18,visium,DeepST,pcs,200,ari
SD18,visium,STG3Net,knn,30,ari
SD18,visium,STG3Net,pcs,20,ari
SD18,visium,spatiAlign,knn,10,ari
SD18,visium,SEDR,knn,30,ari
SD18,visium,SEDR,pcs,20,ari
SD18,visium,CellCharter,knn,15,ari
SD18,visium,BANKSY,knn,20,ari
SD18,visium,SpaDo,knn,15,ari
SD18,visium,STAMP,knn,30,ari
SD18,visium,spCLUE,knn,10,ari
SD18,visium,spCLUE,pcs,100,ari
SD18,visium,stClinic,knn,5,ari
SD18,visium,stClinic,pcs,200,ari
SD18,visium,stMSA,knn,5,ari
SD18,visium,NicheCompass_batch,knn,30,ari
SD18,visium,STAligner,knn,5,ari
SD18,visium,SPIRAL,knn,5,ari
SD18,visium,SPACEL,knn,5,moran_I
SD18,visium,SANTO,knn,5,moran_I
SD18,visium,scSLAT,knn,30,clc
SD18,visium,scSLAT,pcs,10,clc
SD18,visium,Spateo_NR,knn,10,moran_I
SD18,visium,Spateo_NR,pcs,200,moran_I
SD18,visium,STalign,knn,30,moran_I
SD19,visium,STAGATE,knn,5,ari
SD19,visium,DeepST,knn,10,ari
SD19,visium,DeepST,pcs,200,ari
SD19,visium,STG3Net,knn,30,ari
SD19,visium,STG3Net,pcs,20,ari
SD19,visium,spatiAlign,knn,10,ari
SD19,visium,SEDR,knn,30,ari
SD19,visium,SEDR,pcs,20,ari
SD19,visium,CellCharter,knn,15,ari
SD19,visium,BANKSY,knn,20,ari
SD19,visium,SpaDo,knn,15,ari
SD19,visium,STAMP,knn,30,ari
SD19,visium,spCLUE,knn,10,ari
SD19,visium,spCLUE,pcs,100,ari
SD19,visium,stClinic,knn,5,ari
SD19,visium,stClinic,pcs,200,ari
SD19,visium,stMSA,knn,5,ari
SD19,visium,NicheCompass_batch,knn,30,ari
SD19,visium,STAligner,knn,5,ari
SD19,visium,SPIRAL,knn,5,ari
SD19,visium,SPACEL,knn,5,moran_I
SD19,visium,SANTO,knn,5,moran_I
SD19,visium,scSLAT,knn,30,clc
SD19,visium,scSLAT,pcs,10,clc
SD19,visium,Spateo_NR,knn,10,moran_I
SD19,visium,Spateo_NR,pcs,200,moran_I
SD19,visium,STalign,knn,30,moran_I
SD20,visium,STAGATE,knn,5,ari
SD20,visium,DeepST,knn,10,ari
SD20,visium,DeepST,pcs,200,ari
SD20,visium,STG3Net,knn,30,ari
SD20,visium,STG3Net,pcs,20,ari
SD20,visium,spatiAlign,knn,10,ari
SD20,visium,SEDR,knn,30,ari
SD20,visium,SEDR,pcs,20,ari
SD20,visium,CellCharter,knn,15,ari
SD20,visium,BANKSY,knn,20,ari
SD20,visium,SpaDo,knn,15,ari
SD20,visium,STAMP,knn,30,ari
SD20,visium,spCLUE,knn,10,ari
SD20,visium,spCLUE,pcs,100,ari
SD20,visium,stClinic,knn,5,ari
SD20,visium,stClinic,pcs,200,ari
SD20,visium,stMSA,knn,5,ari
SD20,visium,NicheCompass_batch,knn,30,ari
SD20,visium,STAligner,knn,5,ari
SD20,visium,SPIRAL,knn,5,ari
SD20,visium,SPACEL,knn,5,moran_I
SD20,visium,SANTO,knn,5,moran_I
SD20,visium,scSLAT,knn,30,clc
SD20,visium,scSLAT,pcs,10,clc
SD20,visium,Spateo_NR,knn,10,moran_I
SD20,visium,Spateo_NR,pcs,200,moran_I
SD20,visium,STalign,knn,30,moran_I
SD21,visium,STAGATE,knn,5,ari
SD21,visium,DeepST,knn,10,ari
SD21,visium,DeepST,pcs,200,ari
SD21,visium,STG3Net,knn,30,ari
SD21,visium,STG3Net,pcs,20,ari
SD21,visium,spatiAlign,knn,10,ari
SD21,visium,SEDR,knn,30,ari
SD21,visium,SEDR,pcs,20,ari
SD21,visium,CellCharter,knn,15,ari
SD21,visium,BANKSY,knn,20,ari
SD21,visium,SpaDo,knn,15,ari
SD21,visium,STAMP,knn,30,ari
SD21,visium,spCLUE,knn,10,ari
SD21,visium,spCLUE,pcs,100,ari
SD21,visium,stClinic,knn,5,ari
SD21,visium,stClinic,pcs,200,ari
SD21,visium,stMSA,knn,5,ari
SD21,visium,NicheCompass_batch,knn,30,ari
SD21,visium,STAligner,knn,5,ari
SD21,visium,SPIRAL,knn,5,ari
SD21,visium,SPACEL,knn,5,moran_I
SD21,visium,SANTO,knn,5,moran_I
SD21,visium,scSLAT,knn,30,clc
SD21,visium,scSLAT,pcs,10,clc
SD21,visium,Spateo_NR,knn,10,moran_I
SD21,visium,Spateo_NR,pcs,200,moran_I
SD21,visium,STalign,knn,30,moran_I
SD22,visium,STAGATE,knn,5,ari
SD22,visium,DeepST,knn,10,ari
SD22,visium,DeepST,pcs,200,ari
SD22,visium,STG3Net,knn,30,ari
SD22,visium,STG3Net,pcs,20,ari
SD22,visium,spatiAlign,knn,10,ari
SD22,visium,SEDR,knn,30,ari
SD22,visium,SEDR,pcs,20,ari
SD22,visium,CellCharter,knn,15,ari
SD22,visium,BANKSY,knn,20,ari
SD22,visium,SpaDo,knn,15,ari
SD22,visium,STAMP,knn,30,ari
SD22,visium,spCLUE,knn,10,ari
SD22,visium,spCLUE,pcs,100,ari
SD22,visium,stClinic,knn,5,ari
SD22,visium,stClinic,pcs,200,ari
SD22,visium,stMSA,knn,5,ari
SD22,visium,NicheCompass_batch,knn,30,ari
SD22,visium,STAligner,knn,5,ari
SD22,visium,SPIRAL,knn,5,ari
SD22,visium,SPACEL,knn,5,moran_I
SD22,visium,SANTO,knn,5,moran_I
SD22,visium,scSLAT,knn,30,clc
SD22,visium,scSLAT,pcs,10,clc
SD22,visium,Spateo_NR,knn,10,moran_I
SD22,visium,Spateo_NR,pcs,200,moran_I
SD22,visium,STalign,knn,30,moran_I
SD23,visium,STAGATE,knn,5,ari
SD23,visium,DeepST,knn,10,ari
SD23,visium,DeepST,pcs,200,ari
SD23,visium,STG3Net,knn,30,ari
SD23,visium,STG3Net,pcs,20,ari
SD23,visium,spatiAlign,knn,10,ari
SD23,visium,SEDR,knn,30,ari
SD23,visium,SEDR,pcs,20,ari
SD23,visium,CellCharter,knn,15,ari
SD23,visium,BANKSY,knn,20,ari
SD23,visium,SpaDo,knn,15,ari
SD23,visium,STAMP,knn,30,ari
SD23,visium,spCLUE,knn,10,ari
SD23,visium,spCLUE,pcs,100,ari
SD23,visium,stClinic,knn,5,ari
SD23,visium,stClinic,pcs,200,ari
SD23,visium,stMSA,knn,5,ari
SD23,visium,NicheCompass_batch,knn,30,ari
SD23,visium,STAligner,knn,5,ari
SD23,visium,SPIRAL,knn,5,ari
SD23,visium,SPACEL,knn,5,moran_I
SD23,visium,SANTO,knn,5,moran_I
SD23,visium,scSLAT,knn,30,clc
SD23,visium,scSLAT,pcs,10,clc
SD23,visium,Spateo_NR,knn,10,moran_I
SD23,visium,Spateo_NR,pcs,200,moran_I
SD23,visium,STalign,knn,30,moran_I
SD24,visium,STAGATE,knn,5,ari
SD24,visium,DeepST,knn,10,ari
SD24,visium,DeepST,pcs,200,ari
SD24,visium,STG3Net,knn,30,ari
SD24,visium,STG3Net,pcs,20,ari
SD24,visium,spatiAlign,knn,10,ari
SD24,visium,SEDR,knn,30,ari
SD24,visium,SEDR,pcs,20,ari
SD24,visium,CellCharter,knn,15,ari
SD24,visium,BANKSY,knn,20,ari
SD24,visium,SpaDo,knn,15,ari
SD24,visium,STAMP,knn,30,ari
SD24,visium,spCLUE,knn,10,ari
SD24,visium,spCLUE,pcs,100,ari
SD24,visium,stClinic,knn,5,ari
SD24,visium,stClinic,pcs,200,ari
SD24,visium,stMSA,knn,5,ari
SD24,visium,NicheCompass_batch,knn,30,ari
SD24,visium,STAligner,knn,5,ari
SD24,visium,SPIRAL,knn,5,ari
SD24,visium,SPACEL,knn,5,moran_I
SD24,visium,SANTO,knn,5,moran_I
SD24,visium,scSLAT,knn,30,clc
SD24,visium,scSLAT,pcs,10,clc
SD24,visium,Spateo_NR,knn,10,moran_I
SD24,visium,Spateo_NR,pcs,200,moran_I
SD24,visium,STalign,knn,30,moran_I
SD25,visium,STAGATE,knn,5,ari
SD25,visium,DeepST,knn,10,ari
SD25,visium,DeepST,pcs,200,ari
SD25,visium,STG3Net,knn,30,ari
SD25,visium,STG3Net,pcs,20,ari
SD25,visium,spatiAlign,knn,10,ari
SD25,visium,SEDR,knn,30,ari
SD25,visium,SEDR,pcs,20,ari
SD25,visium,CellCharter,knn,15,ari
SD25,visium,BANKSY,knn,20,ari
SD25,visium,SpaDo,knn,15,ari
SD25,visium,STAMP,knn,30,ari
SD25,visium,spCLUE,knn,10,ari
SD25,visium,spCLUE,pcs,100,ari
SD25,visium,stClinic,knn,5,ari
SD25,visium,stClinic,pcs,200,ari
SD25,visium,stMSA,knn,5,ari
SD25,visium,NicheCompass_batch,knn,30,ari
SD25,visium,STAligner,knn,5,ari
SD25,visium,SPIRAL,knn,5,ari
SD25,visium,SPACEL,knn,5,moran_I
SD25,visium,SANTO,knn,5,moran_I
SD25,visium,scSLAT,knn,30,clc
SD25,visium,scSLAT,pcs,10,clc
SD25,visium,Spateo_NR,knn,10,moran_I
SD25,visium,Spateo_NR,pcs,200,moran_I
SD25,visium,STalign,knn,30,moran_I
SD26,visium,STAGATE,knn,5,ari
SD26,visium,DeepST,knn,10,ari
SD26,visium,DeepST,pcs,200,ari
SD26,visium,STG3Net,knn,30,ari
SD26,visium,STG3Net,pcs,20,ari
SD26,visium,spatiAlign,knn,10,ari
SD26,visium,SEDR,knn,30,ari
SD26,visium,SEDR,pcs,20,ari
SD26,visium,CellCharter,knn,15,ari
SD26,visium,BANKSY,knn,20,ari
SD26,visium,SpaDo,knn,15,ari
SD26,visium,STAMP,knn,30,ari
SD26,visium,spCLUE,knn,10,ari
SD26,visium,spCLUE,pcs,100,ari
SD26,visium,stClinic,knn,5,ari
SD26,visium,stClinic,pcs,200,ari
SD26,visium,stMSA,knn,5,ari
SD26,visium,NicheCompass_batch,knn,30,ari
SD26,visium,STAligner,knn,5,ari
SD26,visium,SPIRAL,knn,5,ari
SD26,visium,SPACEL,knn,5,moran_I
SD26,visium,SANTO,knn,5,moran_I
SD26,visium,scSLAT,knn,30,clc
SD26,visium,scSLAT,pcs,10,clc
SD26,visium,Spateo_NR,knn,10,moran_I
SD26,visium,Spateo_NR,pcs,200,moran_I
SD26,visium,STalign,knn,30,moran_I
SD27,visium,STAGATE,knn,5,ari
SD27,visium,DeepST,knn,10,ari
SD27,visium,DeepST,pcs,200,ari
SD27,visium,STG3Net,knn,30,ari
SD27,visium,STG3Net,pcs,20,ari
SD27,visium,spatiAlign,knn,10,ari
SD27,visium,SEDR,knn,30,ari
SD27,visium,SEDR,pcs,20,ari
SD27,visium,CellCharter,knn,15,ari
SD27,visium,BANKSY,knn,20,ari
SD27,visium,SpaDo,knn,15,ari
SD27,visium,STAMP,knn,30,ari
SD27,visium,spCLUE,knn,10,ari
SD27,visium,spCLUE,pcs,100,ari
SD27,visium,stClinic,knn,5,ari
SD27,visium,stClinic,pcs,200,ari
SD27,visium,stMSA,knn,5,ari
SD27,visium,NicheCompass_batch,knn,30,ari
SD27,visium,STAligner,knn,5,ari
SD27,visium,SPIRAL,knn,5,ari
SD27,visium,SPACEL,knn,5,moran_I
SD27,visium,SANTO,knn,5,moran_I
SD27,visium,scSLAT,knn,30,clc
SD27,visium,scSLAT,pcs,10,clc
SD27,visium,Spateo_NR,knn,10,moran_I
SD27,visium,Spateo_NR,pcs,200,moran_I
SD27,visium,STalign,knn,30,moran_I
SD28,visium,STAGATE,knn,5,ari
SD28,visium,DeepST,knn,10,ari
SD28,visium,DeepST,pcs,200,ari
SD28,visium,STG3Net,knn,30,ari
SD28,visium,STG3Net,pcs,20,ari
SD28,visium,spatiAlign,knn,10,ari
SD28,visium,SEDR,knn,30,ari
SD28,visium,SEDR,pcs,20,ari
SD28,visium,CellCharter,knn,15,ari
SD28,visium,BANKSY,knn,20,ari
SD28,visium,SpaDo,knn,15,ari
SD28,visium,STAMP,knn,30,ari
SD28,visium,spCLUE,knn,10,ari
SD28,visium,spCLUE,pcs,100,ari
SD28,visium,stClinic,knn,5,ari
SD28,visium,stClinic,pcs,200,ari
SD28,visium,stMSA,knn,5,ari
SD28,visium,NicheCompass_batch,knn,30,ari
SD28,visium,STAligner,knn,5,ari
SD28,visium,SPIRAL,knn,5,ari
SD28,visium,SPACEL,knn,5,moran_I
SD28,visium,SANTO,knn,5,moran_I
SD28,visium,scSLAT,knn,30,clc
SD28,visium,scSLAT,pcs,10,clc
SD28,visium,Spateo_NR,knn,10,moran_I
SD28,visium,Spateo_NR,pcs,200,moran_I
SD28,visium,STalign,knn,30,moran_I
SD29,visium,STAGATE,knn,5,ari
SD29,visium,DeepST,knn,10,ari
SD29,visium,DeepST,pcs,200,ari
SD29,visium,STG3Net,knn,30,ari
SD29,visium,STG3Net,pcs,20,ari
SD29,visium,spatiAlign,knn,10,ari
SD29,visium,SEDR,knn,30,ari
SD29,visium,SEDR,pcs,20,ari
SD29,visium,CellCharter,knn,15,ari
SD29,visium,BANKSY,knn,20,ari
SD29,visium,SpaDo,knn,15,ari
SD29,visium,STAMP,knn,30,ari
SD29,visium,spCLUE,knn,10,ari
SD29,visium,spCLUE,pcs,100,ari
SD29,visium,stClinic,knn,5,ari
SD29,visium,stClinic,pcs,200,ari
SD29,visium,stMSA,knn,5,ari
SD29,visium,NicheCompass_batch,knn,30,ari
SD29,visium,STAligner,knn,5,ari
SD29,visium,SPIRAL,knn,5,ari
SD29,visium,SPACEL,knn,5,moran_I
SD29,visium,SANTO,knn,5,moran_I
SD29,visium,scSLAT,knn,30,clc
SD29,visium,scSLAT,pcs,10,clc
SD29,visium,Spateo_NR,knn,10,moran_I
SD29,visium,Spateo_NR,pcs,200,moran_I
SD29,visium,STalign,knn,30,moran_I
SD30,visium,STAGATE,knn,5,ari
SD30,visium,DeepST,knn,10,ari
SD30,visium,DeepST,pcs,200,ari
SD30,visium,STG3Net,knn,30,ari
SD30,visium,STG3Net,pcs,20,ari
SD30,visium,spatiAlign,knn,10,ari
SD30,visium,SEDR,knn,30,ari
SD30,visium,SEDR,pcs,20,ari
SD30,visium,CellCharter,knn,15,ari
SD30,visium,BANKSY,knn,20,ari
SD30,visium,SpaDo,knn,15,ari
SD30,visium,STAMP,knn,30,ari
SD30,visium,spCLUE,knn,10,ari
SD30,visium,spCLUE,pcs,100,ari
SD30,visium,stClinic,knn,5,ari
SD30,visium,stClinic,pcs,200,ari
SD30,visium,stMSA,knn,5,ari
SD30,visium,NicheCompass_batch,knn,30,ari
SD30,visium,STAligner,knn,5,ari
SD30,visium,SPIRAL,knn,5,ari
SD30,visium,SPACEL,knn,5,moran_I
SD30,visium,SANTO,knn,5,moran_I
SD30,visium,scSLAT,knn,30,clc
SD30,visium,scSLAT,pcs,10,clc
SD30,visium,Spateo_NR,knn,10,moran_I
SD30,visium,Spateo_NR,pcs,200,moran_I
SD30,visium,STalign,knn,30,moran_I
SD31,visium,STAGATE,knn,5,ari
SD31,visium,DeepST,knn,10,ari
SD31,visium,DeepST,pcs,200,ari
SD31,visium,STG3Net,knn,30,ari
SD31,visium,STG3Net,pcs,20,ari
SD31,visium,spatiAlign,knn,10,ari
SD31,visium,SEDR,knn,30,ari
SD31,visium,SEDR,pcs,20,ari
SD31,visium,CellCharter,knn,15,ari
SD31,visium,BANKSY,knn,20,ari
SD31,visium,SpaDo,knn,15,ari
SD31,visium,STAMP,knn,30,ari
SD31,visium,spCLUE,knn,10,ari
SD31,visium,spCLUE,pcs,100,ari
SD31,visium,stClinic,knn,5,ari
SD31,visium,stClinic,pcs,200,ari
SD31,visium,stMSA,knn,5,ari
SD31,visium,NicheCompass_batch,knn,30,ari
SD31,visium,STAligner,knn,5,ari
SD31,visium,SPIRAL,knn,5,ari
SD31,visium,SPACEL,knn,5,moran_I
SD31,visium,SANTO,knn,5,moran_I
SD31,visium,scSLAT,knn,30,clc
SD31,visium,scSLAT,pcs,10,clc
SD31,visium,Spateo_NR,knn,10,moran_I
SD31,visium,Spateo_NR,pcs,200,moran_I
SD31,visium,STalign,knn,30,moran_I
SD32,visium,STAGATE,knn,5,ari
SD32,visium,DeepST,knn,10,ari
SD32,visium,DeepST,pcs,200,ari
SD32,visium,STG3Net,knn,30,ari
SD32,visium,STG3Net,pcs,20,ari
SD32,visium,spatiAlign,knn,10,ari
SD32,visium,SEDR,knn,30,ari
SD32,visium,SEDR,pcs,20,ari
SD32,visium,CellCharter,knn,15,ari
SD32,visium,BANKSY,knn,20,ari
SD32,visium,SpaDo,knn,15,ari
SD32,visium,STAMP,knn,30,ari
SD32,visium,spCLUE,knn,10,ari
SD32,visium,spCLUE,pcs,100,ari
SD32,visium,stClinic,knn,5,ari
SD32,visium,stClinic,pcs,200,ari
SD32,visium,stMSA,knn,5,ari
SD32,visium,NicheCompass_batch,knn,30,ari
SD32,visium,STAligner,knn,5,ari
SD32,visium,SPIRAL,knn,5,ari
SD32,visium,SPACEL,knn,5,moran_I
SD32,visium,SANTO,knn,5,moran_I
SD32,visium,scSLAT,knn,30,clc
SD32,visium,scSLAT,pcs,10,clc
SD32,visium,Spateo_NR,knn,10,moran_I
SD32,visium,Spateo_NR,pcs,200,moran_I
SD32,visium,STalign,knn,30,moran_I
SD33,visium,STAGATE,knn,5,ari
SD33,visium,DeepST,knn,10,ari
SD33,visium,DeepST,pcs,200,ari
SD33,visium,STG3Net,knn,30,ari
SD33,visium,STG3Net,pcs,20,ari
SD33,visium,spatiAlign,knn,10,ari
SD33,visium,SEDR,knn,30,ari
SD33,visium,SEDR,pcs,20,ari
SD33,visium,CellCharter,knn,15,ari
SD33,visium,BANKSY,knn,20,ari
SD33,visium,SpaDo,knn,15,ari
SD33,visium,STAMP,knn,30,ari
SD33,visium,spCLUE,knn,10,ari
SD33,visium,spCLUE,pcs,100,ari
SD33,visium,stClinic,knn,5,ari
SD33,visium,stClinic,pcs,200,ari
SD33,visium,stMSA,knn,5,ari
SD33,visium,NicheCompass_batch,knn,30,ari
SD33,visium,STAligner,knn,5,ari
SD33,visium,SPIRAL,knn,5,ari
SD33,visium,SPACEL,knn,5,moran_I
SD33,visium,SANTO,knn,5,moran_I
SD33,visium,scSLAT,knn,30,clc
SD33,visium,scSLAT,pcs,10,clc
SD33,visium,Spateo_NR,knn,10,moran_I
SD33,visium,Spateo_NR,pcs,200,moran_I
SD33,visium,STalign,knn,30,moran_I
SD34,visium,STAGATE,knn,5,ari
SD34,visium,DeepST,knn,10,ari
SD34,visium,DeepST,pcs,200,ari
SD34,visium,STG3Net,knn,30,ari
SD34,visium,STG3Net,pcs,20,ari
SD34,visium,spatiAlign,knn,10,ari
SD34,visium,SEDR,knn,30,ari
SD34,visium,SEDR,pcs,20,ari
SD34,visium,CellCharter,knn,15,ari
SD34,visium,BANKSY,knn,20,ari
SD34,visium,SpaDo,knn,15,ari
SD34,visium,STAMP,knn,30,ari
SD34,visium,spCLUE,knn,10,ari
SD34,visium,spCLUE,pcs,100,ari
SD34,visium,stClinic,knn,5,ari
SD34,visium,stClinic,pcs,200,ari
SD34,visium,stMSA,knn,5,ari
SD34,visium,NicheCompass_batch,knn,30,ari
SD34,visium,STAligner,knn,5,ari
SD34,visium,SPIRAL,knn,5,ari
SD34,visium,SPACEL,knn,5,moran_I
SD34,visium,SANTO,knn,5,moran_I
SD34,visium,scSLAT,knn,30,clc
SD34,visium,scSLAT,pcs,10,clc
SD34,visium,Spateo_NR,knn,10,moran_I
SD34,visium,Spateo_NR,pcs,200,moran_I
SD34,visium,STalign,knn,30,moran_I
SD35,visium,STAGATE,knn,5,ari
SD35,visium,DeepST,knn,10,ari
SD35,visium,DeepST,pcs,200,ari
SD35,visium,STG3Net,knn,30,ari
SD35,visium,STG3Net,pcs,20,ari
SD35,visium,spatiAlign,knn,10,ari
SD35,visium,SEDR,knn,30,ari
SD35,visium,SEDR,pcs,20,ari
SD35,visium,CellCharter,knn,15,ari
SD35,visium,BANKSY,knn,20,ari
SD35,visium,SpaDo,knn,15,ari
SD35,visium,STAMP,knn,30,ari
SD35,visium,spCLUE,knn,10,ari
SD35,visium,spCLUE,pcs,100,ari
SD35,visium,stClinic,knn,5,ari
SD35,visium,stClinic,pcs,200,ari
SD35,visium,stMSA,knn,5,ari
SD35,visium,NicheCompass_batch,knn,30,ari
SD35,visium,STAligner,knn,5,ari
SD35,visium,SPIRAL,knn,5,ari
SD35,visium,SPACEL,knn,5,moran_I
SD35,visium,SANTO,knn,5,moran_I
SD35,visium,scSLAT,knn,30,clc
SD35,visium,scSLAT,pcs,10,clc
SD35,visium,Spateo_NR,knn,10,moran_I
SD35,visium,Spateo_NR,pcs,200,moran_I
SD35,visium,STalign,knn,30,moran_I
SD36,visium,STAGATE,knn,5,ari
SD36,visium,DeepST,knn,10,ari
SD36,visium,DeepST,pcs,200,ari
SD36,visium,STG3Net,knn,30,ari
SD36,visium,STG3Net,pcs,20,ari
SD36,visium,spatiAlign,knn,10,ari
SD36,visium,SEDR,knn,30,ari
SD36,visium,SEDR,pcs,20,ari
SD36,visium,CellCharter,knn,15,ari
SD36,visium,BANKSY,knn,20,ari
SD36,visium,SpaDo,knn,15,ari
SD36,visium,STAMP,knn,30,ari
SD36,visium,spCLUE,knn,10,ari
SD36,visium,spCLUE,pcs,100,ari
SD36,visium,stClinic,knn,5,ari
SD36,visium,stClinic,pcs,200,ari
SD36,visium,stMSA,knn,5,ari
SD36,visium,NicheCompass_batch,knn,30,ari
SD36,visium,STAligner,knn,5,ari
SD36,visium,SPIRAL,knn,5,ari
SD36,visium,SPACEL,knn,5,moran_I
SD36,visium,SANTO,knn,5,moran_I
SD36,visium,scSLAT,knn,30,clc
SD36,visium,scSLAT,pcs,10,clc
SD36,visium,Spateo_NR,knn,10,moran_I
SD36,visium,Spateo_NR,pcs,200,moran_I
SD36,visium,STalign,knn,30,moran_I
SD37,visium,STAGATE,knn,5,ari
SD37,visium,DeepST,knn,10,ari
SD37,visium,DeepST,pcs,200,ari
SD37,visium,STG3Net,knn,30,ari
SD37,visium,STG3Net,pcs,20,ari
SD37,visium,spatiAlign,knn,10,ari
SD37,visium,SEDR,knn,30,ari
SD37,visium,SEDR,pcs,20,ari
SD37,visium,CellCharter,knn,15,ari
SD37,visium,BANKSY,knn,20,ari
SD37,visium,SpaDo,knn,15,ari
SD37,visium,STAMP,knn,30,ari
SD37,visium,spCLUE,knn,10,ari
SD37,visium,spCLUE,pcs,100,ari
SD37,visium,stClinic,knn,5,ari
SD37,visium,stClinic,pcs,200,ari
SD37,visium,stMSA,knn,5,ari
SD37,visium,NicheCompass_batch,knn,30,ari
SD37,visium,STAligner,knn,5,ari
SD37,visium,SPIRAL,knn,5,ari
SD37,visium,SPACEL,knn,5,moran_I
SD37,visium,SANTO,knn,5,moran_I
SD37,visium,scSLAT,knn,30,clc
SD37,visium,scSLAT,pcs,10,clc
SD37,visium,Spateo_NR,knn,10,moran_I
SD37,visium,Spateo_NR,pcs,200,moran_I
SD37,visium,STalign,knn,30,moran_I
SD38,visium,STAGATE,knn,5,ari
SD38,visium,DeepST,knn,10,ari
SD38,visium,DeepST,pcs,200,ari
SD38,visium,STG3Net,knn,30,ari
SD38,visium,STG3Net,pcs,20,ari
SD38,visium,spatiAlign,knn,10,ari
SD38,visium,SEDR,knn,30,ari
SD38,visium,SEDR,pcs,20,ari
SD38,visium,CellCharter,knn,15,ari
SD38,visium,BANKSY,knn,20,ari
SD38,visium,SpaDo,knn,15,ari
SD38,visium,STAMP,knn,30,ari
SD38,visium,spCLUE,knn,10,ari
SD38,visium,spCLUE,pcs,100,ari
SD38,visium,stClinic,knn,5,ari
SD38,visium,stClinic,pcs,200,ari
SD38,visium,stMSA,knn,5,ari
SD38,visium,NicheCompass_batch,knn,30,ari
SD38,visium,STAligner,knn,5,ari
SD38,visium,SPIRAL,knn,5,ari
SD38,visium,SPACEL,knn,5,moran_I
SD38,visium,SANTO,knn,5,moran_I
SD38,visium,scSLAT,knn,30,clc
SD38,visium,scSLAT,pcs,10,clc
SD38,visium,Spateo_NR,knn,10,moran_I
SD38,visium,Spateo_NR,pcs,200,moran_I
SD38,visium,STalign,knn,30,moran_I
SD39,visium,STAGATE,knn,5,ari
SD39,visium,DeepST,knn,10,ari
SD39,visium,DeepST,pcs,200,ari
SD39,visium,STG3Net,knn,30,ari
SD39,visium,STG3Net,pcs,20,ari
SD39,visium,spatiAlign,knn,10,ari
SD39,visium,SEDR,knn,30,ari
SD39,visium,SEDR,pcs,20,ari
SD39,visium,CellCharter,knn,15,ari
SD39,visium,BANKSY,knn,20,ari
SD39,visium,SpaDo,knn,15,ari
SD39,visium,STAMP,knn,30,ari
SD39,visium,spCLUE,knn,10,ari
SD39,visium,spCLUE,pcs,100,ari
SD39,visium,stClinic,knn,5,ari
SD39,visium,stClinic,pcs,200,ari
SD39,visium,stMSA,knn,5,ari
SD39,visium,NicheCompass_batch,knn,30,ari
SD39,visium,STAligner,knn,5,ari
SD39,visium,SPIRAL,knn,5,ari
SD39,visium,SPACEL,knn,5,moran_I
SD39,visium,SANTO,knn,5,moran_I
SD39,visium,scSLAT,knn,30,clc
SD39,visium,scSLAT,pcs,10,clc
SD39,visium,Spateo_NR,knn,10,moran_I
SD39,visium,Spateo_NR,pcs,200,moran_I
SD39,visium,STalign,knn,30,moran_I
SD40,visium,STAGATE,knn,5,ari
SD40,visium,DeepST,knn,10,ari
SD40,visium,DeepST,pcs,200,ari
SD40,visium,STG3Net,knn,30,ari
SD40,visium,STG3Net,pcs,20,ari
SD40,visium,spatiAlign,knn,10,ari
SD40,visium,SEDR,knn,30,ari
SD40,visium,SEDR,pcs,20,ari
SD40,visium,CellCharter,knn,15,ari
SD40,visium,BANKSY,knn,20,ari
SD40,visium,SpaDo,knn,15,ari
SD40,visium,STAMP,knn,30,ari
SD40,visium,spCLUE,knn,10,ari
SD40,visium,spCLUE,pcs,100,ari
SD40,visium,stClinic,knn,5,ari
SD40,visium,stClinic,pcs,200,ari
SD40,visium,stMSA,knn,5,ari
SD40,visium,NicheCompass_batch,knn,30,ari
SD40,visium,STAligner,knn,5,ari
SD40,visium,SPIRAL,knn,5,ari
SD40,visium,SPACEL,knn,5,moran_I
SD40,visium,SANTO,knn,5,moran_I
SD40,visium,scSLAT,knn,30,clc
SD40,visium,scSLAT,pcs,10,clc
SD40,visium,Spateo_NR,knn,10,moran_I
SD40,visium,Spateo_NR,pcs,200,moran_I
SD40,visium,STalign,knn,30,moran_I
SD41,visium,STAGATE,knn,5,ari
SD41,visium,DeepST,knn,10,ari
SD41,visium,DeepST,pcs,200,ari
SD41,visium,STG3Net,knn,30,ari
SD41,visium,STG3Net,pcs,20,ari
SD41,visium,spatiAlign,knn,10,ari
SD41,visium,SEDR,knn,30,ari
SD41,visium,SEDR,pcs,20,ari
SD41,visium,CellCharter,knn,15,ari
SD41,visium,BANKSY,knn,20,ari
SD41,visium,SpaDo,knn,15,ari
SD41,visium,STAMP,knn,30,ari
SD41,visium,spCLUE,knn,10,ari
SD41,visium,spCLUE,pcs,100,ari
SD41,visium,stClinic,knn,5,ari
SD41,visium,stClinic,pcs,200,ari
SD41,visium,stMSA,knn,5,ari
SD41,visium,NicheCompass_batch,knn,30,ari
SD41,visium,STAligner,knn,5,ari
SD41,visium,SPIRAL,knn,5,ari
SD41,visium,SPACEL,knn,5,moran_I
SD41,visium,SANTO,knn,5,moran_I
SD41,visium,scSLAT,knn,30,clc
SD41,visium,scSLAT,pcs,10,clc
SD41,visium,Spateo_NR,knn,10,moran_I
SD41,visium,Spateo_NR,pcs,200,moran_I
SD41,visium,STalign,knn,30,moran_I
SD42,visium,STAGATE,knn,5,ari
SD42,visium,DeepST,knn,10,ari
SD42,visium,DeepST,pcs,200,ari
SD42,visium,STG3Net,knn,30,ari
SD42,visium,STG3Net,pcs,20,ari
SD42,visium,spatiAlign,knn,10,ari
SD42,visium,SEDR,knn,30,ari
SD42,visium,SEDR,pcs,20,ari
SD42,visium,CellCharter,knn,15,ari
SD42,visium,BANKSY,knn,20,ari
SD42,visium,SpaDo,knn,15,ari
SD42,visium,STAMP,knn,30,ari
SD42,visium,spCLUE,knn,10,ari
SD42,visium,spCLUE,pcs,100,ari
SD42,visium,stClinic,knn,5,ari
SD42,visium,stClinic,pcs,200,ari
SD42,visium,stMSA,knn,5,ari
SD42,visium,NicheCompass_batch,knn,30,ari
SD42,visium,STAligner,knn,5,ari
SD42,visium,SPIRAL,knn,5,ari
SD42,visium,SPACEL,knn,5,moran_I
SD42,visium,SANTO,knn,5,moran_I
SD42,visium,scSLAT,knn,30,clc
SD42,visium,scSLAT,pcs,10,clc
SD42,visium,Spateo_NR,knn,10,moran_I
SD42,visium,Spateo_NR,pcs,200,moran_I
SD42,visium,STalign,knn,30,moran_I
SD43,visium,STAGATE,knn,5,ari
SD43,visium,DeepST,knn,10,ari
SD43,visium,DeepST,pcs,200,ari
SD43,visium,STG3Net,knn,30,ari
SD43,visium,STG3Net,pcs,20,ari
SD43,visium,spatiAlign,knn,10,ari
SD43,visium,SEDR,knn,30,ari
SD43,visium,SEDR,pcs,20,ari
SD43,visium,CellCharter,knn,15,ari
SD43,visium,BANKSY,knn,20,ari
SD43,visium,SpaDo,knn,15,ari
SD43,visium,STAMP,knn,30,ari
SD43,visium,spCLUE,knn,10,ari
SD43,visium,spCLUE,pcs,100,ari
SD43,visium,stClinic,knn,5,ari
SD43,visium,stClinic,pcs,200,ari
SD43,visium,stMSA,knn,5,ari
SD43,visium,NicheCompass_batch,knn,30,ari
SD43,visium,STAligner,knn,5,ari
SD43,visium,SPIRAL,knn,5,ari
SD43,visium,SPACEL,knn,5,moran_I
SD43,visium,SANTO,knn,5,moran_I
SD43,visium,scSLAT,knn,30,clc
SD43,visium,scSLAT,pcs,10,clc
SD43,visium,Spateo_NR,knn,10,moran_I
SD43,visium,Spateo_NR,pcs,200,moran_I
SD43,visium,STalign,knn,30,moran_I
SD44,visium,STAGATE,knn,5,ari
SD44,visium,DeepST,knn,10,ari
SD44,visium,DeepST,pcs,200,ari
SD44,visium,STG3Net,knn,30,ari
SD44,visium,STG3Net,pcs,20,ari
SD44,visium,spatiAlign,knn,10,ari
SD44,visium,SEDR,knn,30,ari
SD44,visium,SEDR,pcs,20,ari
SD44,visium,CellCharter,knn,15,ari
SD44,visium,BANKSY,knn,20,ari
SD44,visium,SpaDo,knn,15,ari
SD44,visium,STAMP,knn,30,ari
SD44,visium,spCLUE,knn,10,ari
SD44,visium,spCLUE,pcs,100,ari
SD44,visium,stClinic,knn,5,ari
SD44,visium,stClinic,pcs,200,ari
SD44,visium,stMSA,knn,5,ari
SD44,visium,NicheCompass_batch,knn,30,ari
SD44,visium,STAligner,knn,5,ari
SD44,visium,SPIRAL,knn,5,ari
SD44,visium,SPACEL,knn,5,moran_I
SD44,visium,SANTO,knn,5,moran_I
SD44,visium,scSLAT,knn,30,clc
SD44,visium,scSLAT,pcs,10,clc
SD44,visium,Spateo_NR,knn,10,moran_I
SD44,visium,Spateo_NR,pcs,200,moran_I
SD44,visium,STalign,knn,30,moran_I
SD45,visium,STAGATE,knn,5,ari
SD45,visium,DeepST,knn,10,ari
SD45,visium,DeepST,pcs,200,ari
SD45,visium,STG3Net,knn,30,ari
SD45,visium,STG3Net,pcs,20,ari
SD45,visium,spatiAlign,knn,10,ari
SD45,visium,SEDR,knn,30,ari
SD45,visium,SEDR,pcs,20,ari
SD45,visium,CellCharter,knn,15,ari
SD45,visium,BANKSY,knn,20,ari
SD45,visium,SpaDo,knn,15,ari
SD45,visium,STAMP,knn,30,ari
SD45,visium,spCLUE,knn,10,ari
SD45,visium,spCLUE,pcs,100,ari
SD45,visium,stClinic,knn,5,ari
SD45,visium,stClinic,pcs,200,ari
SD45,visium,stMSA,knn,5,ari
SD45,visium,NicheCompass_batch,knn,30,ari
SD45,visium,STAligner,knn,5,ari
SD45,visium,SPIRAL,knn,5,ari
SD45,visium,SPACEL,knn,5,moran_I
SD45,visium,SANTO,knn,5,moran_I
SD45,visium,scSLAT,knn,30,clc
SD45,visium,scSLAT,pcs,10,clc
SD45,visium,Spateo_NR,knn,10,moran_I
SD45,visium,Spateo_NR,pcs,200,moran_I
SD45,visium,STalign,knn,30,moran_I
SD46,visium,STAGATE,knn,5,ari
SD46,visium,DeepST,knn,10,ari
SD46,visium,DeepST,pcs,200,ari
SD46,visium,STG3Net,knn,30,ari
SD46,visium,STG3Net,pcs,20,ari
SD46,visium,spatiAlign,knn,10,ari
SD46,visium,SEDR,knn,30,ari
SD46,visium,SEDR,pcs,20,ari
SD46,visium,CellCharter,knn,15,ari
SD46,visium,BANKSY,knn,20,ari
SD46,visium,SpaDo,knn,15,ari
SD46,visium,STAMP,knn,30,ari
SD46,visium,spCLUE,knn,10,ari
SD46,visium,spCLUE,pcs,100,ari
SD46,visium,stClinic,knn,5,ari
SD46,visium,stClinic,pcs,200,ari
SD46,visium,stMSA,knn,5,ari
SD46,visium,NicheCompass_batch,knn,30,ari
SD46,visium,STAligner,knn,5,ari
SD46,visium,SPIRAL,knn,5,ari
SD46,visium,SPACEL,knn,5,moran_I
SD46,visium,SANTO,knn,5,moran_I
SD46,visium,scSLAT,knn,30,clc
SD46,visium,scSLAT,pcs,10,clc
SD46,visium,Spateo_NR,knn,10,moran_I
SD46,visium,Spateo_NR,pcs,200,moran_I
SD46,visium,STalign,knn,30,moran_I
SD47,visium,STAGATE,knn,5,ari
SD47,visium,DeepST,knn,10,ari
SD47,visium,DeepST,pcs,200,ari
SD47,visium,STG3Net,knn,30,ari
SD47,visium,STG3Net,pcs,20,ari
SD47,visium,spatiAlign,knn,10,ari
SD47,visium,SEDR,knn,30,ari
SD47,visium,SEDR,pcs,20,ari
SD47,visium,CellCharter,knn,15,ari
SD47,visium,BANKSY,knn,20,ari
SD47,visium,SpaDo,knn,15,ari
SD47,visium,STAMP,knn,30,ari
SD47,visium,spCLUE,knn,10,ari
SD47,visium,spCLUE,pcs,100,ari
SD47,visium,stClinic,knn,5,ari
SD47,visium,stClinic,pcs,200,ari
SD47,visium,stMSA,knn,5,ari
SD47,visium,NicheCompass_batch,knn,30,ari
SD47,visium,STAligner,knn,5,ari
SD47,visium,SPIRAL,knn,5,ari
SD47,visium,SPACEL,knn,5,moran_I
SD47,visium,SANTO,knn,5,moran_I
SD47,visium,scSLAT,knn,30,clc
SD47,visium,scSLAT,pcs,10,clc
SD47,visium,Spateo_NR,knn,10,moran_I
SD47,visium,Spateo_NR,pcs,200,moran_I
SD47,visium,STalign,knn,30,moran_I
SD48,visium,STAGATE,knn,5,ari
SD48,visium,DeepST,knn,10,ari
SD48,visium,DeepST,pcs,200,ari
SD48,visium,STG3Net,knn,30,ari
SD48,visium,STG3Net,pcs,20,ari
SD48,visium,spatiAlign,knn,10,ari
SD48,visium,SEDR,knn,30,ari
SD48,visium,SEDR,pcs,20,ari
SD48,visium,CellCharter,knn,15,ari
SD48,visium,BANKSY,knn,20,ari
SD48,visium,SpaDo,knn,15,ari
SD48,visium,STAMP,knn,30,ari
SD48,visium,spCLUE,knn,10,ari
SD48,visium,spCLUE,pcs,100,ari
SD48,visium,stClinic,knn,5,ari
SD48,visium,stClinic,pcs,200,ari
SD48,visium,stMSA,knn,5,ari
SD48,visium,NicheCompass_batch,knn,30,ari
SD48,visium,STAligner,knn,5,ari
SD48,visium,SPIRAL,knn,5,ari
SD48,visium,SPACEL,knn,5,moran_I
SD48,visium,SANTO,knn,5,moran_I
SD48,visium,scSLAT,knn,30,clc
SD48,visium,scSLAT,pcs,10,clc
SD48,visium,Spateo_NR,knn,10,moran_I
SD48,visium,Spateo_NR,pcs,200,moran_I
SD48,visium,STalign,knn,30,moran_I
SD49,visium,STAGATE,knn,5,ari
SD49,visium,DeepST,knn,10,ari
SD49,visium,DeepST,pcs,200,ari
SD49,visium,STG3Net,knn,30,ari
SD49,visium,STG3Net,pcs,20,ari
SD49,visium,spatiAlign,knn,10,ari
SD49,visium,SEDR,knn,30,ari
SD49,visium,SEDR,pcs,20,ari
SD49,visium,CellCharter,knn,15,ari
SD49,visium,BANKSY,knn,20,ari
SD49,visium,SpaDo,knn,15,ari
SD49,visium,STAMP,knn,30,ari
SD49,visium,spCLUE,knn,10,ari
SD49,visium,spCLUE,pcs,100,ari
SD49,visium,stClinic,knn,5,ari
SD49,visium,stClinic,pcs,200,ari
SD49,visium,stMSA,knn,5,ari
SD49,visium,NicheCompass_batch,knn,30,ari
SD49,visium,STAligner,knn,5,ari
SD49,visium,SPIRAL,knn,5,ari
SD49,visium,SPACEL,knn,5,moran_I
SD49,visium,SANTO,knn,5,moran_I
SD49,visium,scSLAT,knn,30,clc
SD49,visium,scSLAT,pcs,10,clc
SD49,visium,Spateo_NR,knn,10,moran_I
SD49,visium,Spateo_NR,pcs,200,moran_I
SD49,visium,STalign,knn,30,moran_I
SD50,visium,STAGATE,knn,5,ari
SD50,visium,DeepST,knn,10,ari
SD50,visium,DeepST,pcs,200,ari
SD50,visium,STG3Net,knn,30,ari
SD50,visium,STG3Net,pcs,20,ari
SD50,visium,spatiAlign,knn,10,ari
SD50,visium,SEDR,knn,30,ari
SD50,visium,SEDR,pcs,20,ari
SD50,visium,CellCharter,knn,15,ari
SD50,visium,BANKSY,knn,20,ari
SD50,visium,SpaDo,knn,15,ari
SD50,visium,STAMP,knn,30,ari
SD50,visium,spCLUE,knn,10,ari
SD50,visium,spCLUE,pcs,100,ari
SD50,visium,stClinic,knn,5,ari
SD50,visium,stClinic,pcs,200,ari
SD50,visium,stMSA,knn,5,ari
SD50,visium,NicheCompass_batch,knn,30,ari
SD50,visium,STAligner,knn,5,ari
SD50,visium,SPIRAL,knn,5,ari
SD50,visium,SPACEL,knn,5,moran_I
SD50,visium,SANTO,knn,5,moran_I
SD50,visium,scSLAT,knn,30,clc
SD50,visium,scSLAT,pcs,10,clc
SD50,visium,Spateo_NR,knn,10,moran_I
SD50,visium,Spateo_NR,pcs,200,moran_I
SD50,visium,STalign,knn,30,moran_I
SD51,visium,STAGATE,knn,5,ari
SD51,visium,DeepST,knn,10,ari
SD51,visium,DeepST,pcs,200,ari
SD51,visium,STG3Net,knn,30,ari
SD51,visium,STG3Net,pcs,20,ari
SD51,visium,spatiAlign,knn,10,ari
SD51,visium,SEDR,knn,30,ari
SD51,visium,SEDR,pcs,20,ari
SD51,visium,CellCharter,knn,15,ari
SD51,visium,BANKSY,knn,20,ari
SD51,visium,SpaDo,knn,15,ari
SD51,visium,STAMP,knn,30,ari
SD51,visium,spCLUE,knn,10,ari
SD51,visium,spCLUE,pcs,100,ari
SD51,visium,stClinic,knn,5,ari
SD51,visium,stClinic,pcs,200,ari
SD51,visium,stMSA,knn,5,ari
SD51,visium,NicheCompass_batch,knn,30,ari
SD51,visium,STAligner,knn,5,ari
SD51,visium,SPIRAL,knn,5,ari
SD51,visium,SPACEL,knn,5,moran_I
SD51,visium,SANTO,knn,5,moran_I
SD51,visium,scSLAT,knn,30,clc
SD51,visium,scSLAT,pcs,10,clc
SD51,visium,Spateo_NR,knn,10,moran_I
SD51,visium,Spateo_NR,pcs,200,moran_I
SD51,visium,STalign,knn,30,moran_I
SD52,visium,STAGATE,knn,5,ari
SD52,visium,DeepST,knn,10,ari
SD52,visium,DeepST,pcs,200,ari
SD52,visium,STG3Net,knn,30,ari
SD52,visium,STG3Net,pcs,20,ari
SD52,visium,spatiAlign,knn,10,ari
SD52,visium,SEDR,knn,30,ari
SD52,visium,SEDR,pcs,20,ari
SD52,visium,CellCharter,knn,15,ari
SD52,visium,BANKSY,knn,20,ari
SD52,visium,SpaDo,knn,15,ari
SD52,visium,STAMP,knn,30,ari
SD52,visium,spCLUE,knn,10,ari
SD52,visium,spCLUE,pcs,100,ari
SD52,visium,stClinic,knn,5,ari
SD52,visium,stClinic,pcs,200,ari
SD52,visium,stMSA,knn,5,ari
SD52,visium,NicheCompass_batch,knn,30,ari
SD52,visium,STAligner,knn,5,ari
SD52,visium,SPIRAL,knn,5,ari
SD52,visium,SPACEL,knn,5,moran_I
SD52,visium,SANTO,knn,5,moran_I
SD52,visium,scSLAT,knn,30,clc
SD52,visium,scSLAT,pcs,10,clc
SD52,visium,Spateo_NR,knn,10,moran_I
SD52,visium,Spateo_NR,pcs,200,moran_I
SD52,visium,STalign,knn,30,moran_I
SD53,visium,STAGATE,knn,5,ari
SD53,visium,DeepST,knn,10,ari
SD53,visium,DeepST,pcs,200,ari
SD53,visium,STG3Net,knn,30,ari
SD53,visium,STG3Net,pcs,20,ari
SD53,visium,spatiAlign,knn,10,ari
SD53,visium,SEDR,knn,30,ari
SD53,visium,SEDR,pcs,20,ari
SD53,visium,CellCharter,knn,15,ari
SD53,visium,BANKSY,knn,20,ari
SD53,visium,SpaDo,knn,15,ari
SD53,visium,STAMP,knn,30,ari
SD53,visium,spCLUE,knn,10,ari
SD53,visium,spCLUE,pcs,100,ari
SD53,visium,stClinic,knn,5,ari
SD53,visium,stClinic,pcs,200,ari
SD53,visium,stMSA,knn,5,ari
SD53,visium,NicheCompass_batch,knn,30,ari
SD53,visium,STAligner,knn,5,ari
SD53,visium,SPIRAL,knn,5,ari
SD53,visium,SPACEL,knn,5,moran_I
SD53,visium,SANTO,knn,5,moran_I
SD53,visium,scSLAT,knn,30,clc
SD53,visium,scSLAT,pcs,10,clc
SD53,visium,Spateo_NR,knn,10,moran_I
SD53,visium,Spateo_NR,pcs,200,moran_I
SD53,visium,STalign,knn,30,moran_I
SD54,visium,STAGATE,knn,5,ari
SD54,visium,DeepST,knn,10,ari
SD54,visium,DeepST,pcs,200,ari
SD54,visium,STG3Net,knn,30,ari
SD54,visium,STG3Net,pcs,20,ari
SD54,visium,spatiAlign,knn,10,ari
SD54,visium,SEDR,knn,30,ari
SD54,visium,SEDR,pcs,20,ari
SD54,visium,CellCharter,knn,15,ari
SD54,visium,BANKSY,knn,20,ari
SD54,visium,SpaDo,knn,15,ari
SD54,visium,STAMP,knn,30,ari
SD54,visium,spCLUE,knn,10,ari
SD54,visium,spCLUE,pcs,100,ari
SD54,visium,stClinic,knn,5,ari
SD54,visium,stClinic,pcs,200,ari
SD54,visium,stMSA,knn,5,ari
SD54,visium,NicheCompass_batch,knn,30,ari
SD54,visium,STAligner,knn,5,ari
SD54,visium,SPIRAL,knn,5,ari
SD54,visium,SPACEL,knn,5,moran_I
SD54,visium,SANTO,knn,5,moran_I
SD54,visium,scSLAT,knn,30,clc
SD54,visium,scSLAT,pcs,10,clc
SD54,visium,Spateo_NR,knn,10,moran_I
SD54,visium,Spateo_NR,pcs,200,moran_I
SD54,visium,STalign,knn,30,moran_I
SD55,visium,STAGATE,knn,5,ari
SD55,visium,DeepST,knn,10,ari
SD55,visium,DeepST,pcs,200,ari
SD55,visium,STG3Net,knn,30,ari
SD55,visium,STG3Net,pcs,20,ari
SD55,visium,spatiAlign,knn,10,ari
SD55,visium,SEDR,knn,30,ari
SD55,visium,SEDR,pcs,20,ari
SD55,visium,CellCharter,knn,15,ari
SD55,visium,BANKSY,knn,20,ari
SD55,visium,SpaDo,knn,15,ari
SD55,visium,STAMP,knn,30,ari
SD55,visium,spCLUE,knn,10,ari
SD55,visium,spCLUE,pcs,100,ari
SD55,visium,stClinic,knn,5,ari
SD55,visium,stClinic,pcs,200,ari
SD55,visium,stMSA,knn,5,ari
SD55,visium,NicheCompass_batch,knn,30,ari
SD55,visium,STAligner,knn,5,ari
SD55,visium,SPIRAL,knn,5,ari
SD55,visium,SPACEL,knn,5,moran_I
SD55,visium,SANTO,knn,5,moran_I
SD55,visium,scSLAT,knn,30,clc
SD55,visium,scSLAT,pcs,10,clc
SD55,visium,Spateo_NR,knn,10,moran_I
SD55,visium,Spateo_NR,pcs,200,moran_I
SD55,visium,STalign,knn,30,moran_I
SD56,merfish,STAGATE,knn,20,ari
SD56,merfish,DeepST,knn,20,ari
SD56,merfish,DeepST,pcs,200,ari
SD56,merfish,STG3Net,knn,30,ari
SD56,merfish,STG3Net,pcs,30,ari
SD56,merfish,spatiAlign,knn,30,ari
SD56,merfish,SEDR,knn,20,ari
SD56,merfish,SEDR,pcs,100,ari
SD56,merfish,CellCharter,knn,10,ari
SD56,merfish,BANKSY,knn,30,ari
SD56,merfish,SpaDo,knn,15,ari
SD56,merfish,STAMP,knn,20,ari
SD56,merfish,spCLUE,knn,10,ari
SD56,merfish,spCLUE,pcs,30,ari
SD56,merfish,stClinic,knn,30,ari
SD56,merfish,stClinic,pcs,100,ari
SD56,merfish,stMSA,knn,30,ari
SD56,merfish,NicheCompass_batch,knn,15,ari
SD56,merfish,STAligner,knn,20,ari
SD56,merfish,SPIRAL,knn,10,ari
SD56,merfish,SPACEL,knn,5,moran_I
SD56,merfish,SANTO,knn,30,moran_I
SD56,merfish,scSLAT,knn,20,clc
SD56,merfish,scSLAT,pcs,10,clc
SD56,merfish,Spateo_NR,knn,20,moran_I
SD56,merfish,Spateo_NR,pcs,10,moran_I
SD56,merfish,STalign,knn,30,moran_I
SD57,merfish,STAGATE,knn,20,ari
SD57,merfish,DeepST,knn,20,ari
SD57,merfish,DeepST,pcs,200,ari
SD57,merfish,STG3Net,knn,30,ari
SD57,merfish,STG3Net,pcs,30,ari
SD57,merfish,spatiAlign,knn,30,ari
SD57,merfish,SEDR,knn,20,ari
SD57,merfish,SEDR,pcs,100,ari
SD57,merfish,CellCharter,knn,10,ari
SD57,merfish,BANKSY,knn,30,ari
SD57,merfish,SpaDo,knn,15,ari
SD57,merfish,STAMP,knn,20,ari
SD57,merfish,spCLUE,knn,10,ari
SD57,merfish,spCLUE,pcs,30,ari
SD57,merfish,stClinic,knn,30,ari
SD57,merfish,stClinic,pcs,100,ari
SD57,merfish,stMSA,knn,30,ari
SD57,merfish,NicheCompass_batch,knn,15,ari
SD57,merfish,STAligner,knn,20,ari
SD57,merfish,SPIRAL,knn,10,ari
SD57,merfish,SPACEL,knn,5,moran_I
SD57,merfish,SANTO,knn,30,moran_I
SD57,merfish,scSLAT,knn,20,clc
SD57,merfish,scSLAT,pcs,10,clc
SD57,merfish,Spateo_NR,knn,20,moran_I
SD57,merfish,Spateo_NR,pcs,10,moran_I
SD57,merfish,STalign,knn,30,moran_I
SD58,merfish,STAGATE,knn,20,ari
SD58,merfish,DeepST,knn,20,ari
SD58,merfish,DeepST,pcs,200,ari
SD58,merfish,STG3Net,knn,30,ari
SD58,merfish,STG3Net,pcs,30,ari
SD58,merfish,spatiAlign,knn,30,ari
SD58,merfish,SEDR,knn,20,ari
SD58,merfish,SEDR,pcs,100,ari
SD58,merfish,CellCharter,knn,10,ari
SD58,merfish,BANKSY,knn,30,ari
SD58,merfish,SpaDo,knn,15,ari
SD58,merfish,STAMP,knn,20,ari
SD58,merfish,spCLUE,knn,10,ari
SD58,merfish,spCLUE,pcs,30,ari
SD58,merfish,stClinic,knn,30,ari
SD58,merfish,stClinic,pcs,100,ari
SD58,merfish,stMSA,knn,30,ari
SD58,merfish,NicheCompass_batch,knn,15,ari
SD58,merfish,STAligner,knn,20,ari
SD58,merfish,SPIRAL,knn,10,ari
SD58,merfish,SPACEL,knn,5,moran_I
SD58,merfish,SANTO,knn,30,moran_I
SD58,merfish,scSLAT,knn,20,clc
SD58,merfish,scSLAT,pcs,10,clc
SD58,merfish,Spateo_NR,knn,20,moran_I
SD58,merfish,Spateo_NR,pcs,10,moran_I
SD58,merfish,STalign,knn,30,moran_I
SD59,merfish,STAGATE,knn,20,ari
SD59,merfish,DeepST,knn,20,ari
SD59,merfish,DeepST,pcs,200,ari
SD59,merfish,STG3Net,knn,30,ari
SD59,merfish,STG3Net,pcs,30,ari
SD59,merfish,spatiAlign,knn,30,ari
SD59,merfish,SEDR,knn,20,ari
SD59,merfish,SEDR,pcs,100,ari
SD59,merfish,CellCharter,knn,10,ari
SD59,merfish,BANKSY,knn,30,ari
SD59,merfish,SpaDo,knn,15,ari
SD59,merfish,STAMP,knn,20,ari
SD59,merfish,spCLUE,knn,10,ari
SD59,merfish,spCLUE,pcs,30,ari
SD59,merfish,stClinic,knn,30,ari
SD59,merfish,stClinic,pcs,100,ari
SD59,merfish,stMSA,knn,30,ari
SD59,merfish,NicheCompass_batch,knn,15,ari
SD59,merfish,STAligner,knn,20,ari
SD59,merfish,SPIRAL,knn,10,ari
SD59,merfish,SPACEL,knn,5,moran_I
SD59,merfish,SANTO,knn,30,moran_I
SD59,merfish,scSLAT,knn,20,clc
SD59,merfish,scSLAT,pcs,10,clc
SD59,merfish,Spateo_NR,knn,20,moran_I
SD59,merfish,Spateo_NR,pcs,10,moran_I
SD59,merfish,STalign,knn,30,moran_I
SD60,merfish,STAGATE,knn,20,ari
SD60,merfish,DeepST,knn,20,ari
SD60,merfish,DeepST,pcs,200,ari
SD60,merfish,STG3Net,knn,30,ari
SD60,merfish,STG3Net,pcs,30,ari
SD60,merfish,spatiAlign,knn,30,ari
SD60,merfish,SEDR,knn,20,ari
SD60,merfish,SEDR,pcs,100,ari
SD60,merfish,CellCharter,knn,10,ari
SD60,merfish,BANKSY,knn,30,ari
SD60,merfish,SpaDo,knn,15,ari
SD60,merfish,STAMP,knn,20,ari
SD60,merfish,spCLUE,knn,10,ari
SD60,merfish,spCLUE,pcs,30,ari
SD60,merfish,stClinic,knn,30,ari
SD60,merfish,stClinic,pcs,100,ari
SD60,merfish,stMSA,knn,30,ari
SD60,merfish,NicheCompass_batch,knn,15,ari
SD60,merfish,STAligner,knn,20,ari
SD60,merfish,SPIRAL,knn,10,ari
SD60,merfish,SPACEL,knn,5,moran_I
SD60,merfish,SANTO,knn,30,moran_I
SD60,merfish,scSLAT,knn,20,clc
SD60,merfish,scSLAT,pcs,10,clc
SD60,merfish,Spateo_NR,knn,20,moran_I
SD60,merfish,Spateo_NR,pcs,10,moran_I
SD60,merfish,STalign,knn,30,moran_I
